spend_id,campaign_id,campaign_name,platform,channel,ad_group_id,date,impressions,clicks,spend,cpc,ctr
SPD000001,CMP0001,Google_Brand_Search,Google Ads,Paid Search,AG3615,2025-01-13,2063,149,386.91,2.59,0.0722
SPD000002,CMP0001,Google_Brand_Search,Google Ads,Paid Search,AG6514,2025-01-14,6416,188,573.6,3.05,0.0293
SPD000003,CMP0001,Google_Brand_Search,Google Ads,Paid Search,AG6635,2025-01-16,891,37,126.66,3.35,0.0415
SPD000004,CMP0001,Google_Brand_Search,Google Ads,Paid Search,AG9785,2025-01-17,1191,76,502.79,6.55,0.0638
SPD000005,CMP0001,Google_Brand_Search,Google Ads,Paid Search,AG5803,2025-02-14,769,19,143.62,7.42,0.0247
SPD000006,CMP0001,Google_Brand_Search,Google Ads,Paid Search,AG4150,2025-02-17,1813,130,672.05,5.14,0.0717
SPD000007,CMP0001,Google_Brand_Search,Google Ads,Paid Search,AG5741,2025-02-22,20415,688,578.43,0.84,0.0337
SPD000008,CMP0001,Google_Brand_Search,Google Ads,Paid Search,AG7227,2025-02-27,1583,114,788.92,6.91,0.072
SPD000009,CMP0001,Google_Brand_Search,Google Ads,Paid Search,AG7065,2025-03-13,1169,49,258.48,5.27,0.0419
SPD000010,CMP0001,Google_Brand_Search,Google Ads,Paid Search,AG2169,2025-04-12,917,57,316.45,5.53,0.0622
SPD000011,CMP0001,Google_Brand_Search,Google Ads,Paid Search,AG3677,2025-04-22,4458,284,506.85,1.78,0.0637
SPD000012,CMP0001,Google_Brand_Search,Google Ads,Paid Search,AG4598,2025-04-23,2079,157,396.7,2.52,0.0755
SPD000013,CMP0001,Google_Brand_Search,Google Ads,Paid Search,AG4752,2025-04-25,1231,82,563.46,6.82,0.0666
SPD000014,CMP0001,Google_Brand_Search,Google Ads,Paid Search,AG2084,2025-04-30,2290,101,666.35,6.54,0.0441
SPD000015,CMP0001,Google_Brand_Search,Google Ads,Paid Search,AG6155,2025-05-06,371,27,208.24,7.57,0.0728
SPD000016,CMP0001,Google_Brand_Search,Google Ads,Paid Search,AG8517,2025-05-21,670,49,209.47,4.24,0.0731
SPD000017,CMP0001,Google_Brand_Search,Google Ads,Paid Search,AG9830,2025-08-03,1561,101,157.15,1.55,0.0647
SPD000018,CMP0001,Google_Brand_Search,Google Ads,Paid Search,AG7543,2025-08-05,676,50,247.06,4.88,0.074
SPD000019,CMP0001,Google_Brand_Search,Google Ads,Paid Search,AG9085,2025-09-16,1413,40,321.5,7.98,0.0283
SPD000020,CMP0001,Google_Brand_Search,Google Ads,Paid Search,AG3621,2025-10-07,5225,139,118.18,0.85,0.0266
SPD000021,CMP0001,Google_Brand_Search,Google Ads,Paid Search,AG7252,2025-10-07,7352,175,644.06,3.67,0.0238
SPD000022,CMP0001,Google_Brand_Search,Google Ads,Paid Search,AG1188,2025-10-15,3504,123,496.92,4.01,0.0351
SPD000023,CMP0001,Google_Brand_Search,Google Ads,Paid Search,AG5371,2025-10-30,5622,411,560.21,1.36,0.0731
SPD000024,CMP0001,Google_Brand_Search,Google Ads,Paid Search,AG3591,2025-11-05,5452,205,626.45,3.05,0.0376
SPD000025,CMP0001,Google_Brand_Search,Google Ads,Paid Search,AG5315,2025-11-24,702,51,390.29,7.65,0.0726
SPD000026,CMP0001,Google_Brand_Search,Google Ads,Paid Search,AG2743,2025-11-29,2475,125,778.92,6.21,0.0505
SPD000027,CMP0001,Google_Brand_Search,Google Ads,Paid Search,AG4258,2025-12-13,4391,256,702.89,2.74,0.0583
SPD000028,CMP0001,Google_Brand_Search,Google Ads,Paid Search,AG9689,2025-12-26,496,26,164.63,6.22,0.0524
SPD000029,CMP0002,Google_Competitor_Search,Google Ads,Paid Search,AG6107,2025-01-01,1970,121,746.69,6.16,0.0614
SPD000030,CMP0002,Google_Competitor_Search,Google Ads,Paid Search,AG9479,2025-01-10,1485,63,349.24,5.54,0.0424
SPD000031,CMP0002,Google_Competitor_Search,Google Ads,Paid Search,AG1344,2025-01-30,6890,164,388.61,2.36,0.0238
SPD000032,CMP0002,Google_Competitor_Search,Google Ads,Paid Search,AG2163,2025-02-05,6626,220,491.23,2.23,0.0332
SPD000033,CMP0002,Google_Competitor_Search,Google Ads,Paid Search,AG1514,2025-02-10,25708,617,580.88,0.94,0.024
SPD000034,CMP0002,Google_Competitor_Search,Google Ads,Paid Search,AG8953,2025-02-13,19650,674,694.73,1.03,0.0343
SPD000035,CMP0002,Google_Competitor_Search,Google Ads,Paid Search,AG8744,2025-02-27,1852,141,210.68,1.49,0.0761
SPD000036,CMP0002,Google_Competitor_Search,Google Ads,Paid Search,AG2545,2025-03-06,1283,57,232.25,4.05,0.0444
SPD000037,CMP0002,Google_Competitor_Search,Google Ads,Paid Search,AG8651,2025-03-07,704,32,122.7,3.73,0.0455
SPD000038,CMP0002,Google_Competitor_Search,Google Ads,Paid Search,AG2612,2025-03-26,12939,766,697.88,0.91,0.0592
SPD000039,CMP0002,Google_Competitor_Search,Google Ads,Paid Search,AG2790,2025-04-19,235,16,95.46,5.96,0.0681
SPD000040,CMP0002,Google_Competitor_Search,Google Ads,Paid Search,AG7912,2025-05-03,2601,122,236.49,1.93,0.0469
SPD000041,CMP0002,Google_Competitor_Search,Google Ads,Paid Search,AG2235,2025-05-04,648,47,187.62,3.97,0.0725
SPD000042,CMP0002,Google_Competitor_Search,Google Ads,Paid Search,AG1828,2025-05-16,1018,54,382.35,6.96,0.053
SPD000043,CMP0002,Google_Competitor_Search,Google Ads,Paid Search,AG2528,2025-06-07,5645,118,539.11,4.55,0.0209
SPD000044,CMP0002,Google_Competitor_Search,Google Ads,Paid Search,AG8956,2025-06-15,3600,108,744.78,6.87,0.03
SPD000045,CMP0002,Google_Competitor_Search,Google Ads,Paid Search,AG3697,2025-07-05,782,58,411.02,6.98,0.0742
SPD000046,CMP0002,Google_Competitor_Search,Google Ads,Paid Search,AG8454,2025-08-05,1169,42,334.23,7.89,0.0359
SPD000047,CMP0002,Google_Competitor_Search,Google Ads,Paid Search,AG8973,2025-09-01,721,46,263.94,5.72,0.0638
SPD000048,CMP0002,Google_Competitor_Search,Google Ads,Paid Search,AG9883,2025-09-06,768,60,166.1,2.73,0.0781
SPD000049,CMP0002,Google_Competitor_Search,Google Ads,Paid Search,AG8811,2025-09-08,1434,33,95.72,2.85,0.023
SPD000050,CMP0002,Google_Competitor_Search,Google Ads,Paid Search,AG9320,2025-09-28,2074,61,427.14,6.9,0.0294
SPD000051,CMP0002,Google_Competitor_Search,Google Ads,Paid Search,AG4853,2025-09-30,1041,58,110.08,1.89,0.0557
SPD000052,CMP0002,Google_Competitor_Search,Google Ads,Paid Search,AG1651,2025-10-09,848,46,352.83,7.56,0.0542
SPD000053,CMP0002,Google_Competitor_Search,Google Ads,Paid Search,AG9565,2025-10-18,2563,141,514.54,3.64,0.055
SPD000054,CMP0002,Google_Competitor_Search,Google Ads,Paid Search,AG6147,2025-11-03,1926,116,287.28,2.46,0.0602
SPD000055,CMP0002,Google_Competitor_Search,Google Ads,Paid Search,AG5915,2025-11-07,1077,65,229.01,3.47,0.0604
SPD000056,CMP0002,Google_Competitor_Search,Google Ads,Paid Search,AG1152,2025-12-04,683,52,392.92,7.47,0.0761
SPD000057,CMP0003,Google_Generic_Search,Google Ads,Paid Search,AG2753,2025-01-05,501,18,127.69,7.09,0.0359
SPD000058,CMP0003,Google_Generic_Search,Google Ads,Paid Search,AG4450,2025-02-05,9837,363,606.81,1.67,0.0369
SPD000059,CMP0003,Google_Generic_Search,Google Ads,Paid Search,AG5325,2025-02-07,4974,289,588.21,2.03,0.0581
SPD000060,CMP0003,Google_Generic_Search,Google Ads,Paid Search,AG1832,2025-02-21,2416,180,429.06,2.38,0.0745
SPD000061,CMP0003,Google_Generic_Search,Google Ads,Paid Search,AG1058,2025-03-09,874,32,119.22,3.68,0.0366
SPD000062,CMP0003,Google_Generic_Search,Google Ads,Paid Search,AG3647,2025-03-22,2563,202,300.17,1.48,0.0788
SPD000063,CMP0003,Google_Generic_Search,Google Ads,Paid Search,AG1158,2025-04-20,2844,130,605.92,4.64,0.0457
SPD000064,CMP0003,Google_Generic_Search,Google Ads,Paid Search,AG3442,2025-05-06,276,17,133.91,7.59,0.0616
SPD000065,CMP0003,Google_Generic_Search,Google Ads,Paid Search,AG3426,2025-05-16,1218,67,459.19,6.76,0.055
SPD000066,CMP0003,Google_Generic_Search,Google Ads,Paid Search,AG1653,2025-05-26,10954,459,372.34,0.81,0.0419
SPD000067,CMP0003,Google_Generic_Search,Google Ads,Paid Search,AG2684,2025-06-03,9942,348,724.19,2.08,0.035
SPD000068,CMP0003,Google_Generic_Search,Google Ads,Paid Search,AG3532,2025-06-04,924,67,315.26,4.7,0.0725
SPD000069,CMP0003,Google_Generic_Search,Google Ads,Paid Search,AG3900,2025-06-28,10939,326,744.32,2.28,0.0298
SPD000070,CMP0003,Google_Generic_Search,Google Ads,Paid Search,AG6442,2025-07-09,16043,1030,711.06,0.69,0.0642
SPD000071,CMP0003,Google_Generic_Search,Google Ads,Paid Search,AG5065,2025-08-13,2940,177,636.79,3.59,0.0602
SPD000072,CMP0003,Google_Generic_Search,Google Ads,Paid Search,AG1634,2025-08-23,1471,39,250.1,6.41,0.0265
SPD000073,CMP0003,Google_Generic_Search,Google Ads,Paid Search,AG8541,2025-09-17,4623,319,693.94,2.17,0.069
SPD000074,CMP0003,Google_Generic_Search,Google Ads,Paid Search,AG4652,2025-09-28,636,46,312.24,6.65,0.0723
SPD000075,CMP0003,Google_Generic_Search,Google Ads,Paid Search,AG2137,2025-10-03,856,34,67.75,1.95,0.0397
SPD000076,CMP0003,Google_Generic_Search,Google Ads,Paid Search,AG7548,2025-10-06,5111,299,775.17,2.59,0.0585
SPD000077,CMP0003,Google_Generic_Search,Google Ads,Paid Search,AG1452,2025-10-11,2030,81,559.64,6.83,0.0399
SPD000078,CMP0003,Google_Generic_Search,Google Ads,Paid Search,AG5349,2025-10-16,553,17,136.51,7.78,0.0307
SPD000079,CMP0003,Google_Generic_Search,Google Ads,Paid Search,AG6139,2025-11-10,368,15,78.69,4.97,0.0408
SPD000080,CMP0003,Google_Generic_Search,Google Ads,Paid Search,AG4114,2025-11-15,1747,47,377.3,7.88,0.0269
SPD000081,CMP0003,Google_Generic_Search,Google Ads,Paid Search,AG9821,2025-12-01,2039,41,241.04,5.82,0.0201
SPD000082,CMP0003,Google_Generic_Search,Google Ads,Paid Search,AG4228,2025-12-06,1152,74,565.14,7.55,0.0642
SPD000083,CMP0003,Google_Generic_Search,Google Ads,Paid Search,AG6409,2025-12-08,5275,316,323.17,1.02,0.0599
SPD000084,CMP0003,Google_Generic_Search,Google Ads,Paid Search,AG5920,2025-12-27,3418,94,517.37,5.48,0.0275
SPD000085,CMP0004,Google_Display_Retargeting,Google Ads,Paid Search,AG4501,2025-01-01,2903,135,541.03,3.99,0.0465
SPD000086,CMP0004,Google_Display_Retargeting,Google Ads,Paid Search,AG3780,2025-03-07,863,67,433.38,6.45,0.0776
SPD000087,CMP0004,Google_Display_Retargeting,Google Ads,Paid Search,AG6491,2025-03-31,3444,206,544.14,2.63,0.0598
SPD000088,CMP0004,Google_Display_Retargeting,Google Ads,Paid Search,AG6085,2025-04-09,439,15,120.04,7.64,0.0342
SPD000089,CMP0004,Google_Display_Retargeting,Google Ads,Paid Search,AG5011,2025-04-18,5069,109,218.48,1.99,0.0215
SPD000090,CMP0004,Google_Display_Retargeting,Google Ads,Paid Search,AG8461,2025-05-27,2344,155,787.95,5.08,0.0661
SPD000091,CMP0004,Google_Display_Retargeting,Google Ads,Paid Search,AG7291,2025-06-01,2176,69,360.83,5.22,0.0317
SPD000092,CMP0004,Google_Display_Retargeting,Google Ads,Paid Search,AG1090,2025-06-04,3030,180,420.78,2.33,0.0594
SPD000093,CMP0004,Google_Display_Retargeting,Google Ads,Paid Search,AG7965,2025-06-05,1409,103,719.49,6.95,0.0731
SPD000094,CMP0004,Google_Display_Retargeting,Google Ads,Paid Search,AG8611,2025-06-08,517,32,214.13,6.53,0.0619
SPD000095,CMP0004,Google_Display_Retargeting,Google Ads,Paid Search,AG8478,2025-06-17,507,36,87.66,2.37,0.071
SPD000096,CMP0004,Google_Display_Retargeting,Google Ads,Paid Search,AG6198,2025-07-14,712,37,150.0,3.98,0.052
SPD000097,CMP0004,Google_Display_Retargeting,Google Ads,Paid Search,AG9270,2025-07-26,1866,106,762.53,7.19,0.0568
SPD000098,CMP0004,Google_Display_Retargeting,Google Ads,Paid Search,AG3607,2025-07-27,1068,50,370.06,7.3,0.0468
SPD000099,CMP0004,Google_Display_Retargeting,Google Ads,Paid Search,AG5050,2025-07-29,4185,149,607.74,4.06,0.0356
SPD000100,CMP0004,Google_Display_Retargeting,Google Ads,Paid Search,AG8939,2025-08-04,3943,263,679.9,2.58,0.0667
SPD000101,CMP0004,Google_Display_Retargeting,Google Ads,Paid Search,AG5681,2025-08-09,8252,203,520.06,2.56,0.0246
SPD000102,CMP0004,Google_Display_Retargeting,Google Ads,Paid Search,AG2320,2025-09-17,1005,74,225.87,3.02,0.0736
SPD000103,CMP0004,Google_Display_Retargeting,Google Ads,Paid Search,AG4505,2025-10-08,1103,68,153.78,2.23,0.0617
SPD000104,CMP0004,Google_Display_Retargeting,Google Ads,Paid Search,AG7812,2025-10-11,513,27,98.17,3.56,0.0526
SPD000105,CMP0004,Google_Display_Retargeting,Google Ads,Paid Search,AG1320,2025-10-19,322,14,96.7,6.75,0.0435
SPD000106,CMP0004,Google_Display_Retargeting,Google Ads,Paid Search,AG1096,2025-10-24,2570,110,692.55,6.24,0.0428
SPD000107,CMP0004,Google_Display_Retargeting,Google Ads,Paid Search,AG7865,2025-11-07,6359,276,757.06,2.74,0.0434
SPD000108,CMP0004,Google_Display_Retargeting,Google Ads,Paid Search,AG4613,2025-11-12,1102,75,453.67,6.01,0.0681
SPD000109,CMP0004,Google_Display_Retargeting,Google Ads,Paid Search,AG7371,2025-12-07,3319,163,416.17,2.55,0.0491
SPD000110,CMP0004,Google_Display_Retargeting,Google Ads,Paid Search,AG3704,2025-12-08,1218,54,302.1,5.59,0.0443
SPD000111,CMP0004,Google_Display_Retargeting,Google Ads,Paid Search,AG9751,2025-12-13,1154,91,680.38,7.4,0.0789
SPD000112,CMP0004,Google_Display_Retargeting,Google Ads,Paid Search,AG1444,2025-12-23,371,20,70.22,3.46,0.0539
SPD000113,CMP0005,Google_Shopping_Electronics,Google Ads,Paid Search,AG1333,2025-01-10,3132,109,80.19,0.73,0.0348
SPD000114,CMP0005,Google_Shopping_Electronics,Google Ads,Paid Search,AG2874,2025-01-26,4648,225,516.0,2.29,0.0484
SPD000115,CMP0005,Google_Shopping_Electronics,Google Ads,Paid Search,AG7043,2025-01-27,3580,222,472.98,2.13,0.062
SPD000116,CMP0005,Google_Shopping_Electronics,Google Ads,Paid Search,AG2876,2025-02-05,523,34,175.84,5.05,0.065
SPD000117,CMP0005,Google_Shopping_Electronics,Google Ads,Paid Search,AG1420,2025-02-11,9457,366,633.34,1.73,0.0387
SPD000118,CMP0005,Google_Shopping_Electronics,Google Ads,Paid Search,AG7149,2025-02-12,2067,154,746.67,4.82,0.0745
SPD000119,CMP0005,Google_Shopping_Electronics,Google Ads,Paid Search,AG4978,2025-03-11,2398,59,347.49,5.86,0.0246
SPD000120,CMP0005,Google_Shopping_Electronics,Google Ads,Paid Search,AG2983,2025-04-04,281,20,126.43,6.29,0.0712
SPD000121,CMP0005,Google_Shopping_Electronics,Google Ads,Paid Search,AG9728,2025-04-19,6044,136,647.17,4.74,0.0225
SPD000122,CMP0005,Google_Shopping_Electronics,Google Ads,Paid Search,AG6590,2025-04-25,2242,113,371.28,3.28,0.0504
SPD000123,CMP0005,Google_Shopping_Electronics,Google Ads,Paid Search,AG8102,2025-05-10,323,16,59.49,3.65,0.0495
SPD000124,CMP0005,Google_Shopping_Electronics,Google Ads,Paid Search,AG3506,2025-05-14,2094,146,770.59,5.27,0.0697
SPD000125,CMP0005,Google_Shopping_Electronics,Google Ads,Paid Search,AG5425,2025-05-23,795,62,376.62,6.0,0.078
SPD000126,CMP0005,Google_Shopping_Electronics,Google Ads,Paid Search,AG8616,2025-06-17,1037,69,511.93,7.4,0.0665
SPD000127,CMP0005,Google_Shopping_Electronics,Google Ads,Paid Search,AG5022,2025-06-17,1717,62,376.68,5.98,0.0361
SPD000128,CMP0005,Google_Shopping_Electronics,Google Ads,Paid Search,AG4995,2025-06-22,8024,585,673.05,1.15,0.0729
SPD000129,CMP0005,Google_Shopping_Electronics,Google Ads,Paid Search,AG6511,2025-06-29,2129,128,612.86,4.77,0.0601
SPD000130,CMP0005,Google_Shopping_Electronics,Google Ads,Paid Search,AG4475,2025-07-14,323,10,71.52,6.88,0.031
SPD000131,CMP0005,Google_Shopping_Electronics,Google Ads,Paid Search,AG5526,2025-07-14,3505,129,316.12,2.44,0.0368
SPD000132,CMP0005,Google_Shopping_Electronics,Google Ads,Paid Search,AG4954,2025-08-04,3365,106,466.84,4.37,0.0315
SPD000133,CMP0005,Google_Shopping_Electronics,Google Ads,Paid Search,AG8800,2025-08-08,2152,141,590.06,4.16,0.0655
SPD000134,CMP0005,Google_Shopping_Electronics,Google Ads,Paid Search,AG2524,2025-08-21,1878,127,534.43,4.18,0.0676
SPD000135,CMP0005,Google_Shopping_Electronics,Google Ads,Paid Search,AG7046,2025-08-25,2196,76,270.68,3.53,0.0346
SPD000136,CMP0005,Google_Shopping_Electronics,Google Ads,Paid Search,AG6419,2025-08-29,1978,90,404.95,4.48,0.0455
SPD000137,CMP0005,Google_Shopping_Electronics,Google Ads,Paid Search,AG4777,2025-10-04,2083,80,313.86,3.9,0.0384
SPD000138,CMP0005,Google_Shopping_Electronics,Google Ads,Paid Search,AG9779,2025-11-26,2647,72,140.49,1.94,0.0272
SPD000139,CMP0005,Google_Shopping_Electronics,Google Ads,Paid Search,AG8933,2025-11-29,4253,134,763.16,5.68,0.0315
SPD000140,CMP0005,Google_Shopping_Electronics,Google Ads,Paid Search,AG5636,2025-11-30,792,52,257.37,4.92,0.0657
SPD000141,CMP0006,Google_Shopping_Fashion,Google Ads,Paid Search,AG8827,2025-01-07,2758,211,188.27,0.89,0.0765
SPD000142,CMP0006,Google_Shopping_Fashion,Google Ads,Paid Search,AG1878,2025-01-08,2747,136,135.57,0.99,0.0495
SPD000143,CMP0006,Google_Shopping_Fashion,Google Ads,Paid Search,AG2395,2025-01-24,312,24,163.8,6.58,0.0769
SPD000144,CMP0006,Google_Shopping_Fashion,Google Ads,Paid Search,AG4697,2025-01-28,8679,572,795.44,1.39,0.0659
SPD000145,CMP0006,Google_Shopping_Fashion,Google Ads,Paid Search,AG5871,2025-02-21,2523,188,631.77,3.35,0.0745
SPD000146,CMP0006,Google_Shopping_Fashion,Google Ads,Paid Search,AG1986,2025-02-22,2271,87,695.12,7.93,0.0383
SPD000147,CMP0006,Google_Shopping_Fashion,Google Ads,Paid Search,AG4404,2025-03-06,1079,83,507.22,6.05,0.0769
SPD000148,CMP0006,Google_Shopping_Fashion,Google Ads,Paid Search,AG4929,2025-03-06,8393,209,519.14,2.48,0.0249
SPD000149,CMP0006,Google_Shopping_Fashion,Google Ads,Paid Search,AG8381,2025-04-02,8415,170,180.36,1.06,0.0202
SPD000150,CMP0006,Google_Shopping_Fashion,Google Ads,Paid Search,AG5720,2025-04-10,6409,141,567.03,4.02,0.022
SPD000151,CMP0006,Google_Shopping_Fashion,Google Ads,Paid Search,AG4824,2025-04-27,2118,100,580.22,5.77,0.0472
SPD000152,CMP0006,Google_Shopping_Fashion,Google Ads,Paid Search,AG4241,2025-05-21,2000,115,742.93,6.41,0.0575
SPD000153,CMP0006,Google_Shopping_Fashion,Google Ads,Paid Search,AG5352,2025-05-26,1358,80,368.85,4.58,0.0589
SPD000154,CMP0006,Google_Shopping_Fashion,Google Ads,Paid Search,AG6039,2025-05-30,21466,644,669.97,1.04,0.03
SPD000155,CMP0006,Google_Shopping_Fashion,Google Ads,Paid Search,AG8195,2025-06-01,982,74,496.28,6.68,0.0754
SPD000156,CMP0006,Google_Shopping_Fashion,Google Ads,Paid Search,AG5460,2025-06-04,403,25,143.27,5.67,0.062
SPD000157,CMP0006,Google_Shopping_Fashion,Google Ads,Paid Search,AG1653,2025-06-24,4072,101,425.35,4.2,0.0248
SPD000158,CMP0006,Google_Shopping_Fashion,Google Ads,Paid Search,AG1423,2025-07-04,2117,119,717.07,6.01,0.0562
SPD000159,CMP0006,Google_Shopping_Fashion,Google Ads,Paid Search,AG1339,2025-08-14,213,15,118.5,7.71,0.0704
SPD000160,CMP0006,Google_Shopping_Fashion,Google Ads,Paid Search,AG1659,2025-08-29,3977,144,799.68,5.54,0.0362
SPD000161,CMP0006,Google_Shopping_Fashion,Google Ads,Paid Search,AG8245,2025-09-03,6712,343,622.33,1.81,0.0511
SPD000162,CMP0006,Google_Shopping_Fashion,Google Ads,Paid Search,AG9056,2025-09-09,7186,396,737.05,1.86,0.0551
SPD000163,CMP0006,Google_Shopping_Fashion,Google Ads,Paid Search,AG6260,2025-10-01,4314,192,776.79,4.03,0.0445
SPD000164,CMP0006,Google_Shopping_Fashion,Google Ads,Paid Search,AG9117,2025-10-11,1984,79,552.6,6.93,0.0398
SPD000165,CMP0006,Google_Shopping_Fashion,Google Ads,Paid Search,AG1601,2025-10-21,508,35,266.16,7.59,0.0689
SPD000166,CMP0006,Google_Shopping_Fashion,Google Ads,Paid Search,AG7622,2025-11-23,3451,136,391.12,2.86,0.0394
SPD000167,CMP0006,Google_Shopping_Fashion,Google Ads,Paid Search,AG9889,2025-12-24,5174,104,698.68,6.69,0.0201
SPD000168,CMP0006,Google_Shopping_Fashion,Google Ads,Paid Search,AG9167,2025-12-29,8512,435,396.48,0.91,0.0511
SPD000169,CMP0007,Google_YouTube_Awareness,Google Ads,Paid Search,AG5781,2025-01-08,4263,324,535.78,1.65,0.076
SPD000170,CMP0007,Google_YouTube_Awareness,Google Ads,Paid Search,AG8736,2025-01-15,2410,169,431.65,2.55,0.0701
SPD000171,CMP0007,Google_YouTube_Awareness,Google Ads,Paid Search,AG9327,2025-01-27,1162,50,232.8,4.63,0.043
SPD000172,CMP0007,Google_YouTube_Awareness,Google Ads,Paid Search,AG7798,2025-02-17,16570,401,609.72,1.52,0.0242
SPD000173,CMP0007,Google_YouTube_Awareness,Google Ads,Paid Search,AG1042,2025-02-28,1305,47,304.91,6.41,0.036
SPD000174,CMP0007,Google_YouTube_Awareness,Google Ads,Paid Search,AG9022,2025-03-02,1721,95,262.13,2.74,0.0552
SPD000175,CMP0007,Google_YouTube_Awareness,Google Ads,Paid Search,AG6446,2025-03-04,3686,181,698.95,3.85,0.0491
SPD000176,CMP0007,Google_YouTube_Awareness,Google Ads,Paid Search,AG6272,2025-03-09,2135,101,463.94,4.58,0.0473
SPD000177,CMP0007,Google_YouTube_Awareness,Google Ads,Paid Search,AG7274,2025-03-23,2594,89,702.2,7.86,0.0343
SPD000178,CMP0007,Google_YouTube_Awareness,Google Ads,Paid Search,AG8749,2025-04-15,1548,35,225.17,6.32,0.0226
SPD000179,CMP0007,Google_YouTube_Awareness,Google Ads,Paid Search,AG3492,2025-04-26,2013,87,578.92,6.59,0.0432
SPD000180,CMP0007,Google_YouTube_Awareness,Google Ads,Paid Search,AG6439,2025-05-03,10778,540,421.5,0.78,0.0501
SPD000181,CMP0007,Google_YouTube_Awareness,Google Ads,Paid Search,AG9617,2025-05-17,2133,99,702.28,7.06,0.0464
SPD000182,CMP0007,Google_YouTube_Awareness,Google Ads,Paid Search,AG3529,2025-05-28,41293,1181,732.83,0.62,0.0286
SPD000183,CMP0007,Google_YouTube_Awareness,Google Ads,Paid Search,AG7512,2025-06-09,445,16,106.12,6.36,0.036
SPD000184,CMP0007,Google_YouTube_Awareness,Google Ads,Paid Search,AG9742,2025-07-28,1082,77,537.38,6.89,0.0712
SPD000185,CMP0007,Google_YouTube_Awareness,Google Ads,Paid Search,AG8994,2025-08-13,1838,116,335.01,2.87,0.0631
SPD000186,CMP0007,Google_YouTube_Awareness,Google Ads,Paid Search,AG5708,2025-08-15,37925,914,704.29,0.77,0.0241
SPD000187,CMP0007,Google_YouTube_Awareness,Google Ads,Paid Search,AG2612,2025-08-25,2826,130,798.07,6.1,0.046
SPD000188,CMP0007,Google_YouTube_Awareness,Google Ads,Paid Search,AG3725,2025-09-06,4115,107,620.28,5.78,0.026
SPD000189,CMP0007,Google_YouTube_Awareness,Google Ads,Paid Search,AG1919,2025-10-09,3421,78,570.5,7.28,0.0228
SPD000190,CMP0007,Google_YouTube_Awareness,Google Ads,Paid Search,AG9702,2025-10-10,2822,81,270.03,3.31,0.0287
SPD000191,CMP0007,Google_YouTube_Awareness,Google Ads,Paid Search,AG3868,2025-10-10,2077,64,359.04,5.61,0.0308
SPD000192,CMP0007,Google_YouTube_Awareness,Google Ads,Paid Search,AG4945,2025-11-08,262,15,109.23,7.03,0.0573
SPD000193,CMP0007,Google_YouTube_Awareness,Google Ads,Paid Search,AG5161,2025-11-17,2536,86,423.25,4.87,0.0339
SPD000194,CMP0007,Google_YouTube_Awareness,Google Ads,Paid Search,AG8622,2025-11-19,960,71,394.68,5.5,0.074
SPD000195,CMP0007,Google_YouTube_Awareness,Google Ads,Paid Search,AG8237,2025-12-24,4406,130,725.91,5.58,0.0295
SPD000196,CMP0007,Google_YouTube_Awareness,Google Ads,Paid Search,AG7951,2025-12-30,2506,95,758.93,7.91,0.0379
SPD000197,CMP0008,Google_PMax_Conversions,Google Ads,Paid Search,AG5106,2025-01-05,2749,160,505.3,3.14,0.0582
SPD000198,CMP0008,Google_PMax_Conversions,Google Ads,Paid Search,AG3240,2025-01-12,1577,94,558.32,5.91,0.0596
SPD000199,CMP0008,Google_PMax_Conversions,Google Ads,Paid Search,AG6061,2025-01-26,1207,71,521.19,7.28,0.0588
SPD000200,CMP0008,Google_PMax_Conversions,Google Ads,Paid Search,AG3153,2025-02-24,20405,855,641.46,0.75,0.0419
SPD000201,CMP0008,Google_PMax_Conversions,Google Ads,Paid Search,AG3877,2025-04-12,663,43,117.6,2.71,0.0649
SPD000202,CMP0008,Google_PMax_Conversions,Google Ads,Paid Search,AG6994,2025-04-28,426,31,200.6,6.4,0.0728
SPD000203,CMP0008,Google_PMax_Conversions,Google Ads,Paid Search,AG5210,2025-05-02,859,60,448.14,7.35,0.0698
SPD000204,CMP0008,Google_PMax_Conversions,Google Ads,Paid Search,AG5835,2025-05-09,1243,97,735.54,7.58,0.078
SPD000205,CMP0008,Google_PMax_Conversions,Google Ads,Paid Search,AG2233,2025-05-21,7434,200,609.92,3.04,0.0269
SPD000206,CMP0008,Google_PMax_Conversions,Google Ads,Paid Search,AG7511,2025-05-27,279,20,155.57,7.75,0.0717
SPD000207,CMP0008,Google_PMax_Conversions,Google Ads,Paid Search,AG7464,2025-06-01,2816,118,775.45,6.53,0.0419
SPD000208,CMP0008,Google_PMax_Conversions,Google Ads,Paid Search,AG5295,2025-06-01,274,13,60.44,4.52,0.0474
SPD000209,CMP0008,Google_PMax_Conversions,Google Ads,Paid Search,AG2775,2025-06-04,955,73,488.42,6.67,0.0764
SPD000210,CMP0008,Google_PMax_Conversions,Google Ads,Paid Search,AG6374,2025-07-03,2395,137,556.13,4.04,0.0572
SPD000211,CMP0008,Google_PMax_Conversions,Google Ads,Paid Search,AG8606,2025-07-15,14285,340,736.44,2.16,0.0238
SPD000212,CMP0008,Google_PMax_Conversions,Google Ads,Paid Search,AG3290,2025-07-16,5932,264,732.04,2.77,0.0445
SPD000213,CMP0008,Google_PMax_Conversions,Google Ads,Paid Search,AG2902,2025-07-22,1340,107,84.01,0.78,0.0799
SPD000214,CMP0008,Google_PMax_Conversions,Google Ads,Paid Search,AG8432,2025-08-22,604,17,122.89,7.15,0.0281
SPD000215,CMP0008,Google_PMax_Conversions,Google Ads,Paid Search,AG9850,2025-09-05,695,43,328.26,7.62,0.0619
SPD000216,CMP0008,Google_PMax_Conversions,Google Ads,Paid Search,AG7797,2025-09-12,2047,60,364.35,6.07,0.0293
SPD000217,CMP0008,Google_PMax_Conversions,Google Ads,Paid Search,AG5583,2025-10-17,1405,80,541.19,6.75,0.0569
SPD000218,CMP0008,Google_PMax_Conversions,Google Ads,Paid Search,AG4868,2025-10-20,472,22,74.54,3.28,0.0466
SPD000219,CMP0008,Google_PMax_Conversions,Google Ads,Paid Search,AG9920,2025-10-22,9050,553,691.59,1.25,0.0611
SPD000220,CMP0008,Google_PMax_Conversions,Google Ads,Paid Search,AG5520,2025-11-07,5762,136,726.27,5.34,0.0236
SPD000221,CMP0008,Google_PMax_Conversions,Google Ads,Paid Search,AG8450,2025-12-04,1904,135,192.36,1.42,0.0709
SPD000222,CMP0008,Google_PMax_Conversions,Google Ads,Paid Search,AG1349,2025-12-18,958,56,118.76,2.09,0.0585
SPD000223,CMP0008,Google_PMax_Conversions,Google Ads,Paid Search,AG4362,2025-12-20,365,29,87.93,3.0,0.0795
SPD000224,CMP0008,Google_PMax_Conversions,Google Ads,Paid Search,AG4538,2025-12-25,493,16,101.46,6.24,0.0325
SPD000225,CMP0009,Meta_Retargeting_Web,Meta Ads,Paid Social,AG9408,2025-01-02,5112,250,455.03,1.82,0.0489
SPD000226,CMP0009,Meta_Retargeting_Web,Meta Ads,Paid Social,AG1710,2025-01-08,9952,210,368.39,1.75,0.0211
SPD000227,CMP0009,Meta_Retargeting_Web,Meta Ads,Paid Social,AG5941,2025-01-09,3216,138,444.53,3.21,0.0429
SPD000228,CMP0009,Meta_Retargeting_Web,Meta Ads,Paid Social,AG8847,2025-01-14,6615,86,291.08,3.38,0.013
SPD000229,CMP0009,Meta_Retargeting_Web,Meta Ads,Paid Social,AG8267,2025-01-27,20064,309,512.96,1.66,0.0154
SPD000230,CMP0009,Meta_Retargeting_Web,Meta Ads,Paid Social,AG2076,2025-02-26,3168,128,71.89,0.56,0.0404
SPD000231,CMP0009,Meta_Retargeting_Web,Meta Ads,Paid Social,AG6327,2025-02-28,1119,44,101.93,2.3,0.0393
SPD000232,CMP0009,Meta_Retargeting_Web,Meta Ads,Paid Social,AG9282,2025-03-06,4493,111,247.12,2.21,0.0247
SPD000233,CMP0009,Meta_Retargeting_Web,Meta Ads,Paid Social,AG4522,2025-03-08,13392,604,375.09,0.62,0.0451
SPD000234,CMP0009,Meta_Retargeting_Web,Meta Ads,Paid Social,AG8430,2025-03-09,2833,87,275.14,3.14,0.0307
SPD000235,CMP0009,Meta_Retargeting_Web,Meta Ads,Paid Social,AG6120,2025-03-16,3789,97,257.28,2.63,0.0256
SPD000236,CMP0009,Meta_Retargeting_Web,Meta Ads,Paid Social,AG8770,2025-03-17,15454,272,409.11,1.5,0.0176
SPD000237,CMP0009,Meta_Retargeting_Web,Meta Ads,Paid Social,AG2582,2025-03-31,1564,23,68.27,2.96,0.0147
SPD000238,CMP0009,Meta_Retargeting_Web,Meta Ads,Paid Social,AG1982,2025-03-31,18424,304,454.42,1.49,0.0165
SPD000239,CMP0009,Meta_Retargeting_Web,Meta Ads,Paid Social,AG3002,2025-04-30,6528,173,364.29,2.1,0.0265
SPD000240,CMP0009,Meta_Retargeting_Web,Meta Ads,Paid Social,AG7929,2025-05-02,1488,85,264.16,3.1,0.0571
SPD000241,CMP0009,Meta_Retargeting_Web,Meta Ads,Paid Social,AG6119,2025-05-09,3441,201,524.81,2.61,0.0584
SPD000242,CMP0009,Meta_Retargeting_Web,Meta Ads,Paid Social,AG8900,2025-05-16,5194,107,230.44,2.15,0.0206
SPD000243,CMP0009,Meta_Retargeting_Web,Meta Ads,Paid Social,AG7022,2025-05-22,4627,242,157.82,0.65,0.0523
SPD000244,CMP0009,Meta_Retargeting_Web,Meta Ads,Paid Social,AG8030,2025-06-15,3755,80,95.48,1.19,0.0213
SPD000245,CMP0009,Meta_Retargeting_Web,Meta Ads,Paid Social,AG1430,2025-06-18,2927,149,511.74,3.42,0.0509
SPD000246,CMP0009,Meta_Retargeting_Web,Meta Ads,Paid Social,AG1474,2025-07-03,3489,156,377.13,2.41,0.0447
SPD000247,CMP0009,Meta_Retargeting_Web,Meta Ads,Paid Social,AG6567,2025-08-04,2047,52,132.84,2.55,0.0254
SPD000248,CMP0009,Meta_Retargeting_Web,Meta Ads,Paid Social,AG7566,2025-09-27,15174,261,230.08,0.88,0.0172
SPD000249,CMP0009,Meta_Retargeting_Web,Meta Ads,Paid Social,AG2503,2025-10-04,443,26,69.66,2.67,0.0587
SPD000250,CMP0009,Meta_Retargeting_Web,Meta Ads,Paid Social,AG6585,2025-10-29,14806,459,455.28,0.99,0.031
SPD000251,CMP0009,Meta_Retargeting_Web,Meta Ads,Paid Social,AG2391,2025-11-02,3511,92,119.72,1.3,0.0262
SPD000252,CMP0009,Meta_Retargeting_Web,Meta Ads,Paid Social,AG1815,2025-12-05,13962,666,533.51,0.8,0.0477
SPD000253,CMP0010,Meta_Lookalike_Acquisition,Meta Ads,Paid Social,AG4460,2025-01-24,60940,1231,591.13,0.48,0.0202
SPD000254,CMP0010,Meta_Lookalike_Acquisition,Meta Ads,Paid Social,AG2965,2025-02-11,6897,169,467.39,2.75,0.0245
SPD000255,CMP0010,Meta_Lookalike_Acquisition,Meta Ads,Paid Social,AG7229,2025-02-26,638,12,34.41,2.69,0.0188
SPD000256,CMP0010,Meta_Lookalike_Acquisition,Meta Ads,Paid Social,AG6802,2025-02-28,8443,320,333.57,1.04,0.0379
SPD000257,CMP0010,Meta_Lookalike_Acquisition,Meta Ads,Paid Social,AG1307,2025-04-21,1900,23,71.08,3.06,0.0121
SPD000258,CMP0010,Meta_Lookalike_Acquisition,Meta Ads,Paid Social,AG8033,2025-04-23,20661,531,292.06,0.55,0.0257
SPD000259,CMP0010,Meta_Lookalike_Acquisition,Meta Ads,Paid Social,AG2887,2025-05-20,4466,138,356.84,2.57,0.0309
SPD000260,CMP0010,Meta_Lookalike_Acquisition,Meta Ads,Paid Social,AG8538,2025-05-20,4086,76,260.87,3.39,0.0186
SPD000261,CMP0010,Meta_Lookalike_Acquisition,Meta Ads,Paid Social,AG2734,2025-05-26,10763,155,504.25,3.24,0.0144
SPD000262,CMP0010,Meta_Lookalike_Acquisition,Meta Ads,Paid Social,AG7484,2025-06-07,2127,77,168.69,2.18,0.0362
SPD000263,CMP0010,Meta_Lookalike_Acquisition,Meta Ads,Paid Social,AG3754,2025-06-26,9241,195,526.2,2.69,0.0211
SPD000264,CMP0010,Meta_Lookalike_Acquisition,Meta Ads,Paid Social,AG4176,2025-07-22,849,31,73.54,2.33,0.0365
SPD000265,CMP0010,Meta_Lookalike_Acquisition,Meta Ads,Paid Social,AG3419,2025-08-01,8275,384,546.38,1.42,0.0464
SPD000266,CMP0010,Meta_Lookalike_Acquisition,Meta Ads,Paid Social,AG3504,2025-08-06,10703,213,164.67,0.77,0.0199
SPD000267,CMP0010,Meta_Lookalike_Acquisition,Meta Ads,Paid Social,AG9095,2025-08-09,10211,193,463.32,2.4,0.0189
SPD000268,CMP0010,Meta_Lookalike_Acquisition,Meta Ads,Paid Social,AG6295,2025-08-15,3589,140,294.45,2.1,0.039
SPD000269,CMP0010,Meta_Lookalike_Acquisition,Meta Ads,Paid Social,AG2118,2025-08-15,12914,226,522.62,2.31,0.0175
SPD000270,CMP0010,Meta_Lookalike_Acquisition,Meta Ads,Paid Social,AG1920,2025-09-06,2570,128,297.29,2.32,0.0498
SPD000271,CMP0010,Meta_Lookalike_Acquisition,Meta Ads,Paid Social,AG1616,2025-09-07,12900,427,230.61,0.54,0.0331
SPD000272,CMP0010,Meta_Lookalike_Acquisition,Meta Ads,Paid Social,AG2479,2025-09-20,1521,21,62.43,2.96,0.0138
SPD000273,CMP0010,Meta_Lookalike_Acquisition,Meta Ads,Paid Social,AG1672,2025-09-27,5981,198,380.55,1.92,0.0331
SPD000274,CMP0010,Meta_Lookalike_Acquisition,Meta Ads,Paid Social,AG6267,2025-10-31,2323,99,286.35,2.89,0.0426
SPD000275,CMP0010,Meta_Lookalike_Acquisition,Meta Ads,Paid Social,AG8381,2025-11-07,3402,197,374.85,1.9,0.0579
SPD000276,CMP0010,Meta_Lookalike_Acquisition,Meta Ads,Paid Social,AG2381,2025-12-05,992,27,89.0,3.18,0.0272
SPD000277,CMP0010,Meta_Lookalike_Acquisition,Meta Ads,Paid Social,AG8172,2025-12-08,16651,373,317.59,0.85,0.0224
SPD000278,CMP0010,Meta_Lookalike_Acquisition,Meta Ads,Paid Social,AG6962,2025-12-12,7407,300,594.86,1.98,0.0405
SPD000279,CMP0010,Meta_Lookalike_Acquisition,Meta Ads,Paid Social,AG6543,2025-12-14,6578,200,242.53,1.21,0.0304
SPD000280,CMP0010,Meta_Lookalike_Acquisition,Meta Ads,Paid Social,AG6482,2025-12-14,21373,887,416.97,0.47,0.0415
SPD000281,CMP0011,Meta_Brand_Awareness,Meta Ads,Paid Social,AG9624,2025-02-03,1696,86,244.71,2.83,0.0507
SPD000282,CMP0011,Meta_Brand_Awareness,Meta Ads,Paid Social,AG1298,2025-02-11,932,33,83.27,2.45,0.0354
SPD000283,CMP0011,Meta_Brand_Awareness,Meta Ads,Paid Social,AG8967,2025-02-13,12946,268,236.68,0.88,0.0207
SPD000284,CMP0011,Meta_Brand_Awareness,Meta Ads,Paid Social,AG5846,2025-02-18,2203,39,139.44,3.5,0.0177
SPD000285,CMP0011,Meta_Brand_Awareness,Meta Ads,Paid Social,AG9626,2025-03-08,16989,824,511.32,0.62,0.0485
SPD000286,CMP0011,Meta_Brand_Awareness,Meta Ads,Paid Social,AG3147,2025-03-14,766,37,51.52,1.38,0.0483
SPD000287,CMP0011,Meta_Brand_Awareness,Meta Ads,Paid Social,AG3712,2025-03-18,24631,468,370.43,0.79,0.019
SPD000288,CMP0011,Meta_Brand_Awareness,Meta Ads,Paid Social,AG4891,2025-05-10,35531,1002,441.07,0.44,0.0282
SPD000289,CMP0011,Meta_Brand_Awareness,Meta Ads,Paid Social,AG8355,2025-05-26,5420,258,582.67,2.25,0.0476
SPD000290,CMP0011,Meta_Brand_Awareness,Meta Ads,Paid Social,AG8684,2025-06-08,2607,152,163.38,1.07,0.0583
SPD000291,CMP0011,Meta_Brand_Awareness,Meta Ads,Paid Social,AG8218,2025-06-08,13485,592,545.27,0.92,0.0439
SPD000292,CMP0011,Meta_Brand_Awareness,Meta Ads,Paid Social,AG9641,2025-06-18,8384,244,293.16,1.2,0.0291
SPD000293,CMP0011,Meta_Brand_Awareness,Meta Ads,Paid Social,AG3267,2025-06-20,16350,327,268.64,0.82,0.02
SPD000294,CMP0011,Meta_Brand_Awareness,Meta Ads,Paid Social,AG7081,2025-06-29,33000,1122,527.61,0.47,0.034
SPD000295,CMP0011,Meta_Brand_Awareness,Meta Ads,Paid Social,AG3042,2025-07-17,10497,549,346.09,0.63,0.0523
SPD000296,CMP0011,Meta_Brand_Awareness,Meta Ads,Paid Social,AG9410,2025-07-20,2966,70,192.49,2.74,0.0236
SPD000297,CMP0011,Meta_Brand_Awareness,Meta Ads,Paid Social,AG4637,2025-10-13,1169,67,113.99,1.7,0.0573
SPD000298,CMP0011,Meta_Brand_Awareness,Meta Ads,Paid Social,AG7797,2025-10-14,2796,158,495.52,3.13,0.0565
SPD000299,CMP0011,Meta_Brand_Awareness,Meta Ads,Paid Social,AG2337,2025-10-26,1422,31,60.36,1.91,0.0218
SPD000300,CMP0011,Meta_Brand_Awareness,Meta Ads,Paid Social,AG6493,2025-11-01,11044,624,243.7,0.39,0.0565
SPD000301,CMP0011,Meta_Brand_Awareness,Meta Ads,Paid Social,AG8740,2025-11-05,26748,650,481.09,0.74,0.0243
SPD000302,CMP0011,Meta_Brand_Awareness,Meta Ads,Paid Social,AG8349,2025-12-02,12715,576,426.76,0.74,0.0453
SPD000303,CMP0011,Meta_Brand_Awareness,Meta Ads,Paid Social,AG4533,2025-12-03,10727,118,380.75,3.2,0.011
SPD000304,CMP0011,Meta_Brand_Awareness,Meta Ads,Paid Social,AG9647,2025-12-06,5280,245,505.93,2.06,0.0464
SPD000305,CMP0011,Meta_Brand_Awareness,Meta Ads,Paid Social,AG2996,2025-12-06,4429,97,271.26,2.78,0.0219
SPD000306,CMP0011,Meta_Brand_Awareness,Meta Ads,Paid Social,AG8489,2025-12-14,684,34,57.22,1.64,0.0497
SPD000307,CMP0011,Meta_Brand_Awareness,Meta Ads,Paid Social,AG9782,2025-12-24,628,22,65.8,2.98,0.035
SPD000308,CMP0011,Meta_Brand_Awareness,Meta Ads,Paid Social,AG3352,2025-12-29,904,20,39.37,1.95,0.0221
SPD000309,CMP0012,Meta_Carousel_Products,Meta Ads,Paid Social,AG4950,2025-01-01,23582,316,455.97,1.44,0.0134
SPD000310,CMP0012,Meta_Carousel_Products,Meta Ads,Paid Social,AG6447,2025-01-11,3971,193,447.78,2.31,0.0486
SPD000311,CMP0012,Meta_Carousel_Products,Meta Ads,Paid Social,AG3868,2025-01-23,2750,74,106.04,1.43,0.0269
SPD000312,CMP0012,Meta_Carousel_Products,Meta Ads,Paid Social,AG8840,2025-02-04,3423,202,503.32,2.49,0.059
SPD000313,CMP0012,Meta_Carousel_Products,Meta Ads,Paid Social,AG8498,2025-02-13,10151,134,390.09,2.9,0.0132
SPD000314,CMP0012,Meta_Carousel_Products,Meta Ads,Paid Social,AG1686,2025-04-06,1068,53,51.08,0.95,0.0496
SPD000315,CMP0012,Meta_Carousel_Products,Meta Ads,Paid Social,AG9897,2025-05-04,5418,162,209.89,1.29,0.0299
SPD000316,CMP0012,Meta_Carousel_Products,Meta Ads,Paid Social,AG5687,2025-05-10,16855,713,299.84,0.42,0.0423
SPD000317,CMP0012,Meta_Carousel_Products,Meta Ads,Paid Social,AG6438,2025-05-30,1557,83,233.48,2.8,0.0533
SPD000318,CMP0012,Meta_Carousel_Products,Meta Ads,Paid Social,AG7553,2025-06-30,2012,64,185.73,2.86,0.0318
SPD000319,CMP0012,Meta_Carousel_Products,Meta Ads,Paid Social,AG4060,2025-07-04,4880,143,453.69,3.16,0.0293
SPD000320,CMP0012,Meta_Carousel_Products,Meta Ads,Paid Social,AG9507,2025-07-11,2935,165,312.84,1.89,0.0562
SPD000321,CMP0012,Meta_Carousel_Products,Meta Ads,Paid Social,AG8055,2025-07-18,10416,325,182.03,0.56,0.0312
SPD000322,CMP0012,Meta_Carousel_Products,Meta Ads,Paid Social,AG6262,2025-07-19,3404,127,373.4,2.93,0.0373
SPD000323,CMP0012,Meta_Carousel_Products,Meta Ads,Paid Social,AG8305,2025-08-02,2620,65,88.48,1.35,0.0248
SPD000324,CMP0012,Meta_Carousel_Products,Meta Ads,Paid Social,AG6759,2025-08-08,5033,224,373.49,1.66,0.0445
SPD000325,CMP0012,Meta_Carousel_Products,Meta Ads,Paid Social,AG8126,2025-08-29,1942,108,284.86,2.63,0.0556
SPD000326,CMP0012,Meta_Carousel_Products,Meta Ads,Paid Social,AG2229,2025-09-17,940,54,186.5,3.44,0.0574
SPD000327,CMP0012,Meta_Carousel_Products,Meta Ads,Paid Social,AG3621,2025-09-17,7198,257,412.57,1.6,0.0357
SPD000328,CMP0012,Meta_Carousel_Products,Meta Ads,Paid Social,AG8179,2025-09-26,18663,754,573.09,0.76,0.0404
SPD000329,CMP0012,Meta_Carousel_Products,Meta Ads,Paid Social,AG7001,2025-09-27,1942,95,49.84,0.52,0.0489
SPD000330,CMP0012,Meta_Carousel_Products,Meta Ads,Paid Social,AG3513,2025-10-06,6034,70,236.43,3.34,0.0116
SPD000331,CMP0012,Meta_Carousel_Products,Meta Ads,Paid Social,AG2259,2025-10-11,4335,124,417.07,3.34,0.0286
SPD000332,CMP0012,Meta_Carousel_Products,Meta Ads,Paid Social,AG5566,2025-10-20,5986,179,357.14,1.99,0.0299
SPD000333,CMP0012,Meta_Carousel_Products,Meta Ads,Paid Social,AG9176,2025-11-11,5576,261,172.28,0.66,0.0468
SPD000334,CMP0012,Meta_Carousel_Products,Meta Ads,Paid Social,AG5264,2025-11-22,6289,100,325.11,3.22,0.0159
SPD000335,CMP0012,Meta_Carousel_Products,Meta Ads,Paid Social,AG9047,2025-12-07,10714,435,431.3,0.99,0.0406
SPD000336,CMP0012,Meta_Carousel_Products,Meta Ads,Paid Social,AG3828,2025-12-09,14379,197,144.1,0.73,0.0137
SPD000337,CMP0013,Meta_Lead_Gen_SaaS,Meta Ads,Paid Social,AG3126,2025-01-14,4641,233,345.79,1.48,0.0502
SPD000338,CMP0013,Meta_Lead_Gen_SaaS,Meta Ads,Paid Social,AG8842,2025-02-03,25607,653,378.81,0.58,0.0255
SPD000339,CMP0013,Meta_Lead_Gen_SaaS,Meta Ads,Paid Social,AG2208,2025-02-14,2324,119,329.65,2.76,0.0512
SPD000340,CMP0013,Meta_Lead_Gen_SaaS,Meta Ads,Paid Social,AG8632,2025-03-04,5620,77,101.44,1.31,0.0137
SPD000341,CMP0013,Meta_Lead_Gen_SaaS,Meta Ads,Paid Social,AG3981,2025-03-13,5528,298,417.66,1.4,0.0539
SPD000342,CMP0013,Meta_Lead_Gen_SaaS,Meta Ads,Paid Social,AG1907,2025-03-22,18746,658,467.64,0.71,0.0351
SPD000343,CMP0013,Meta_Lead_Gen_SaaS,Meta Ads,Paid Social,AG3653,2025-03-31,10198,257,503.89,1.96,0.0252
SPD000344,CMP0013,Meta_Lead_Gen_SaaS,Meta Ads,Paid Social,AG9501,2025-04-13,3040,83,213.92,2.57,0.0273
SPD000345,CMP0013,Meta_Lead_Gen_SaaS,Meta Ads,Paid Social,AG5496,2025-04-25,7955,179,540.11,3.01,0.0225
SPD000346,CMP0013,Meta_Lead_Gen_SaaS,Meta Ads,Paid Social,AG9234,2025-05-02,2152,79,101.35,1.27,0.0367
SPD000347,CMP0013,Meta_Lead_Gen_SaaS,Meta Ads,Paid Social,AG3804,2025-05-29,4615,180,395.36,2.19,0.039
SPD000348,CMP0013,Meta_Lead_Gen_SaaS,Meta Ads,Paid Social,AG1674,2025-06-03,3846,155,405.48,2.61,0.0403
SPD000349,CMP0013,Meta_Lead_Gen_SaaS,Meta Ads,Paid Social,AG5336,2025-06-13,104308,1283,500.38,0.39,0.0123
SPD000350,CMP0013,Meta_Lead_Gen_SaaS,Meta Ads,Paid Social,AG1496,2025-06-27,4707,145,401.14,2.75,0.0308
SPD000351,CMP0013,Meta_Lead_Gen_SaaS,Meta Ads,Paid Social,AG5949,2025-07-04,5510,135,313.88,2.31,0.0245
SPD000352,CMP0013,Meta_Lead_Gen_SaaS,Meta Ads,Paid Social,AG5873,2025-07-05,2398,106,305.28,2.88,0.0442
SPD000353,CMP0013,Meta_Lead_Gen_SaaS,Meta Ads,Paid Social,AG7809,2025-08-16,6424,115,288.52,2.5,0.0179
SPD000354,CMP0013,Meta_Lead_Gen_SaaS,Meta Ads,Paid Social,AG6121,2025-09-10,7990,322,306.02,0.95,0.0403
SPD000355,CMP0013,Meta_Lead_Gen_SaaS,Meta Ads,Paid Social,AG6658,2025-09-18,6632,394,521.05,1.32,0.0594
SPD000356,CMP0013,Meta_Lead_Gen_SaaS,Meta Ads,Paid Social,AG2739,2025-10-05,28526,813,585.96,0.72,0.0285
SPD000357,CMP0013,Meta_Lead_Gen_SaaS,Meta Ads,Paid Social,AG5061,2025-10-09,5042,118,211.9,1.79,0.0234
SPD000358,CMP0013,Meta_Lead_Gen_SaaS,Meta Ads,Paid Social,AG7850,2025-11-23,4171,239,110.3,0.46,0.0573
SPD000359,CMP0013,Meta_Lead_Gen_SaaS,Meta Ads,Paid Social,AG6364,2025-12-08,3055,55,171.51,3.07,0.018
SPD000360,CMP0013,Meta_Lead_Gen_SaaS,Meta Ads,Paid Social,AG3610,2025-12-16,11025,215,562.24,2.61,0.0195
SPD000361,CMP0013,Meta_Lead_Gen_SaaS,Meta Ads,Paid Social,AG6055,2025-12-25,4613,161,314.01,1.95,0.0349
SPD000362,CMP0013,Meta_Lead_Gen_SaaS,Meta Ads,Paid Social,AG8491,2025-12-30,17878,531,313.5,0.59,0.0297
SPD000363,CMP0013,Meta_Lead_Gen_SaaS,Meta Ads,Paid Social,AG1828,2025-12-30,21231,586,581.01,0.99,0.0276
SPD000364,CMP0013,Meta_Lead_Gen_SaaS,Meta Ads,Paid Social,AG8710,2025-12-31,1650,86,190.37,2.21,0.0521
SPD000365,CMP0014,Meta_Stories_Fashion,Meta Ads,Paid Social,AG6555,2025-01-05,942,28,97.72,3.42,0.0297
SPD000366,CMP0014,Meta_Stories_Fashion,Meta Ads,Paid Social,AG9341,2025-01-24,13720,236,347.96,1.47,0.0172
SPD000367,CMP0014,Meta_Stories_Fashion,Meta Ads,Paid Social,AG6456,2025-01-27,50504,601,258.79,0.43,0.0119
SPD000368,CMP0014,Meta_Stories_Fashion,Meta Ads,Paid Social,AG9446,2025-02-07,14310,249,488.26,1.96,0.0174
SPD000369,CMP0014,Meta_Stories_Fashion,Meta Ads,Paid Social,AG7438,2025-02-25,1274,33,109.68,3.28,0.0259
SPD000370,CMP0014,Meta_Stories_Fashion,Meta Ads,Paid Social,AG6511,2025-03-10,8880,222,594.65,2.67,0.025
SPD000371,CMP0014,Meta_Stories_Fashion,Meta Ads,Paid Social,AG5911,2025-04-10,4782,165,319.17,1.93,0.0345
SPD000372,CMP0014,Meta_Stories_Fashion,Meta Ads,Paid Social,AG2795,2025-05-16,32293,859,300.69,0.35,0.0266
SPD000373,CMP0014,Meta_Stories_Fashion,Meta Ads,Paid Social,AG1436,2025-05-24,5441,271,588.54,2.17,0.0498
SPD000374,CMP0014,Meta_Stories_Fashion,Meta Ads,Paid Social,AG4728,2025-05-27,7500,321,370.24,1.15,0.0428
SPD000375,CMP0014,Meta_Stories_Fashion,Meta Ads,Paid Social,AG7229,2025-05-28,10972,203,441.2,2.17,0.0185
SPD000376,CMP0014,Meta_Stories_Fashion,Meta Ads,Paid Social,AG2800,2025-07-05,3965,46,114.23,2.48,0.0116
SPD000377,CMP0014,Meta_Stories_Fashion,Meta Ads,Paid Social,AG7765,2025-07-07,2621,81,138.75,1.71,0.0309
SPD000378,CMP0014,Meta_Stories_Fashion,Meta Ads,Paid Social,AG8726,2025-07-07,5400,263,423.59,1.61,0.0487
SPD000379,CMP0014,Meta_Stories_Fashion,Meta Ads,Paid Social,AG3262,2025-07-17,15190,199,527.51,2.65,0.0131
SPD000380,CMP0014,Meta_Stories_Fashion,Meta Ads,Paid Social,AG8837,2025-07-25,2587,155,325.65,2.09,0.0599
SPD000381,CMP0014,Meta_Stories_Fashion,Meta Ads,Paid Social,AG9734,2025-07-26,13529,253,329.52,1.3,0.0187
SPD000382,CMP0014,Meta_Stories_Fashion,Meta Ads,Paid Social,AG5331,2025-08-09,3230,157,225.13,1.43,0.0486
SPD000383,CMP0014,Meta_Stories_Fashion,Meta Ads,Paid Social,AG5890,2025-08-19,18385,410,377.74,0.92,0.0223
SPD000384,CMP0014,Meta_Stories_Fashion,Meta Ads,Paid Social,AG5735,2025-09-16,1847,46,158.17,3.41,0.0249
SPD000385,CMP0014,Meta_Stories_Fashion,Meta Ads,Paid Social,AG8861,2025-10-02,4985,172,431.79,2.51,0.0345
SPD000386,CMP0014,Meta_Stories_Fashion,Meta Ads,Paid Social,AG5480,2025-10-09,1385,69,228.82,3.29,0.0498
SPD000387,CMP0014,Meta_Stories_Fashion,Meta Ads,Paid Social,AG7464,2025-10-11,2419,90,194.04,2.14,0.0372
SPD000388,CMP0014,Meta_Stories_Fashion,Meta Ads,Paid Social,AG5758,2025-10-15,2948,148,496.48,3.35,0.0502
SPD000389,CMP0014,Meta_Stories_Fashion,Meta Ads,Paid Social,AG8247,2025-10-19,1142,16,53.98,3.36,0.014
SPD000390,CMP0014,Meta_Stories_Fashion,Meta Ads,Paid Social,AG9824,2025-11-09,7246,150,403.9,2.69,0.0207
SPD000391,CMP0014,Meta_Stories_Fashion,Meta Ads,Paid Social,AG2789,2025-11-16,3686,87,184.55,2.1,0.0236
SPD000392,CMP0014,Meta_Stories_Fashion,Meta Ads,Paid Social,AG9700,2025-12-15,7873,174,380.94,2.18,0.0221
SPD000393,CMP0015,TikTok_Brand_Challenge,TikTok Ads,Paid Social,AG1611,2025-01-03,525,56,108.24,1.91,0.1067
SPD000394,CMP0015,TikTok_Brand_Challenge,TikTok Ads,Paid Social,AG3880,2025-01-27,5237,573,367.03,0.64,0.1094
SPD000395,CMP0015,TikTok_Brand_Challenge,TikTok Ads,Paid Social,AG9116,2025-01-31,10788,1136,374.89,0.33,0.1053
SPD000396,CMP0015,TikTok_Brand_Challenge,TikTok Ads,Paid Social,AG5742,2025-02-15,423,46,90.8,1.94,0.1087
SPD000397,CMP0015,TikTok_Brand_Challenge,TikTok Ads,Paid Social,AG2758,2025-02-21,16128,1308,353.16,0.27,0.0811
SPD000398,CMP0015,TikTok_Brand_Challenge,TikTok Ads,Paid Social,AG9901,2025-02-21,5246,372,372.81,1.0,0.0709
SPD000399,CMP0015,TikTok_Brand_Challenge,TikTok Ads,Paid Social,AG9261,2025-03-12,2304,97,219.24,2.25,0.0421
SPD000400,CMP0015,TikTok_Brand_Challenge,TikTok Ads,Paid Social,AG3662,2025-03-22,7231,290,197.85,0.68,0.0401
SPD000401,CMP0015,TikTok_Brand_Challenge,TikTok Ads,Paid Social,AG1230,2025-04-13,1837,174,297.83,1.71,0.0947
SPD000402,CMP0015,TikTok_Brand_Challenge,TikTok Ads,Paid Social,AG4164,2025-04-26,1812,147,299.91,2.03,0.0811
SPD000403,CMP0015,TikTok_Brand_Challenge,TikTok Ads,Paid Social,AG8007,2025-04-30,352,39,86.69,2.18,0.1108
SPD000404,CMP0015,TikTok_Brand_Challenge,TikTok Ads,Paid Social,AG4027,2025-05-27,5310,479,215.81,0.45,0.0902
SPD000405,CMP0015,TikTok_Brand_Challenge,TikTok Ads,Paid Social,AG1111,2025-05-28,2600,297,393.04,1.32,0.1142
SPD000406,CMP0015,TikTok_Brand_Challenge,TikTok Ads,Paid Social,AG6400,2025-06-14,1554,152,119.1,0.78,0.0978
SPD000407,CMP0015,TikTok_Brand_Challenge,TikTok Ads,Paid Social,AG6890,2025-06-19,2290,71,134.74,1.88,0.031
SPD000408,CMP0015,TikTok_Brand_Challenge,TikTok Ads,Paid Social,AG6026,2025-07-28,17881,726,283.25,0.39,0.0406
SPD000409,CMP0015,TikTok_Brand_Challenge,TikTok Ads,Paid Social,AG6095,2025-07-31,397,45,80.69,1.79,0.1134
SPD000410,CMP0015,TikTok_Brand_Challenge,TikTok Ads,Paid Social,AG7021,2025-08-30,1455,167,282.31,1.69,0.1148
SPD000411,CMP0015,TikTok_Brand_Challenge,TikTok Ads,Paid Social,AG3509,2025-09-01,8142,342,253.56,0.74,0.042
SPD000412,CMP0015,TikTok_Brand_Challenge,TikTok Ads,Paid Social,AG9998,2025-09-02,1226,78,192.89,2.47,0.0636
SPD000413,CMP0015,TikTok_Brand_Challenge,TikTok Ads,Paid Social,AG4578,2025-10-09,1839,188,366.86,1.95,0.1022
SPD000414,CMP0015,TikTok_Brand_Challenge,TikTok Ads,Paid Social,AG2341,2025-10-21,2069,173,309.51,1.78,0.0836
SPD000415,CMP0015,TikTok_Brand_Challenge,TikTok Ads,Paid Social,AG2838,2025-11-23,2428,152,219.69,1.44,0.0626
SPD000416,CMP0015,TikTok_Brand_Challenge,TikTok Ads,Paid Social,AG9792,2025-11-27,384,29,43.47,1.48,0.0755
SPD000417,CMP0015,TikTok_Brand_Challenge,TikTok Ads,Paid Social,AG2904,2025-11-30,1002,77,76.94,0.99,0.0768
SPD000418,CMP0015,TikTok_Brand_Challenge,TikTok Ads,Paid Social,AG9361,2025-11-30,2013,149,278.51,1.86,0.074
SPD000419,CMP0015,TikTok_Brand_Challenge,TikTok Ads,Paid Social,AG7806,2025-12-01,11885,498,189.28,0.38,0.0419
SPD000420,CMP0015,TikTok_Brand_Challenge,TikTok Ads,Paid Social,AG6049,2025-12-15,7108,509,193.58,0.38,0.0716
SPD000421,CMP0016,TikTok_Product_Demo,TikTok Ads,Paid Social,AG9835,2025-01-02,1004,90,162.75,1.79,0.0896
SPD000422,CMP0016,TikTok_Product_Demo,TikTok Ads,Paid Social,AG9802,2025-01-12,786,32,70.54,2.19,0.0407
SPD000423,CMP0016,TikTok_Product_Demo,TikTok Ads,Paid Social,AG1056,2025-01-17,2650,313,169.36,0.54,0.1181
SPD000424,CMP0016,TikTok_Product_Demo,TikTok Ads,Paid Social,AG9920,2025-01-24,1743,125,307.35,2.45,0.0717
SPD000425,CMP0016,TikTok_Product_Demo,TikTok Ads,Paid Social,AG8546,2025-01-31,3234,164,181.17,1.1,0.0507
SPD000426,CMP0016,TikTok_Product_Demo,TikTok Ads,Paid Social,AG2848,2025-02-02,1520,174,151.54,0.87,0.1145
SPD000427,CMP0016,TikTok_Product_Demo,TikTok Ads,Paid Social,AG1256,2025-02-05,211,18,32.24,1.74,0.0853
SPD000428,CMP0016,TikTok_Product_Demo,TikTok Ads,Paid Social,AG8314,2025-02-07,3329,278,111.45,0.4,0.0835
SPD000429,CMP0016,TikTok_Product_Demo,TikTok Ads,Paid Social,AG1724,2025-03-11,3924,135,247.16,1.83,0.0344
SPD000430,CMP0016,TikTok_Product_Demo,TikTok Ads,Paid Social,AG1924,2025-04-03,4455,221,172.86,0.78,0.0496
SPD000431,CMP0016,TikTok_Product_Demo,TikTok Ads,Paid Social,AG6224,2025-04-22,567,29,73.25,2.49,0.0511
SPD000432,CMP0016,TikTok_Product_Demo,TikTok Ads,Paid Social,AG4881,2025-05-11,1157,120,239.44,1.99,0.1037
SPD000433,CMP0016,TikTok_Product_Demo,TikTok Ads,Paid Social,AG4621,2025-05-27,2639,236,134.67,0.57,0.0894
SPD000434,CMP0016,TikTok_Product_Demo,TikTok Ads,Paid Social,AG3869,2025-06-26,2534,203,177.15,0.87,0.0801
SPD000435,CMP0016,TikTok_Product_Demo,TikTok Ads,Paid Social,AG6642,2025-07-11,2855,213,257.88,1.21,0.0746
SPD000436,CMP0016,TikTok_Product_Demo,TikTok Ads,Paid Social,AG6222,2025-07-13,2125,214,377.8,1.76,0.1007
SPD000437,CMP0016,TikTok_Product_Demo,TikTok Ads,Paid Social,AG4012,2025-07-15,4263,243,284.6,1.17,0.057
SPD000438,CMP0016,TikTok_Product_Demo,TikTok Ads,Paid Social,AG5927,2025-07-22,2180,232,306.68,1.32,0.1064
SPD000439,CMP0016,TikTok_Product_Demo,TikTok Ads,Paid Social,AG1944,2025-07-29,8451,606,345.87,0.57,0.0717
SPD000440,CMP0016,TikTok_Product_Demo,TikTok Ads,Paid Social,AG3196,2025-08-04,1197,96,233.71,2.43,0.0802
SPD000441,CMP0016,TikTok_Product_Demo,TikTok Ads,Paid Social,AG2295,2025-08-05,3417,204,167.6,0.82,0.0597
SPD000442,CMP0016,TikTok_Product_Demo,TikTok Ads,Paid Social,AG4120,2025-08-18,4464,171,370.45,2.16,0.0383
SPD000443,CMP0016,TikTok_Product_Demo,TikTok Ads,Paid Social,AG1647,2025-08-30,414,35,39.58,1.1,0.0845
SPD000444,CMP0016,TikTok_Product_Demo,TikTok Ads,Paid Social,AG4555,2025-10-05,5324,525,351.98,0.67,0.0986
SPD000445,CMP0016,TikTok_Product_Demo,TikTok Ads,Paid Social,AG1251,2025-10-24,1516,91,202.17,2.21,0.06
SPD000446,CMP0016,TikTok_Product_Demo,TikTok Ads,Paid Social,AG8846,2025-11-25,1520,147,100.49,0.68,0.0967
SPD000447,CMP0016,TikTok_Product_Demo,TikTok Ads,Paid Social,AG7498,2025-11-27,2154,201,367.49,1.82,0.0933
SPD000448,CMP0016,TikTok_Product_Demo,TikTok Ads,Paid Social,AG7236,2025-12-25,2464,246,367.75,1.49,0.0998
SPD000449,CMP0017,TikTok_Influencer_Collab,TikTok Ads,Paid Social,AG5026,2025-01-09,1214,78,77.92,0.99,0.0643
SPD000450,CMP0017,TikTok_Influencer_Collab,TikTok Ads,Paid Social,AG5216,2025-01-24,1320,121,209.73,1.72,0.0917
SPD000451,CMP0017,TikTok_Influencer_Collab,TikTok Ads,Paid Social,AG9037,2025-02-20,2407,229,310.08,1.35,0.0951
SPD000452,CMP0017,TikTok_Influencer_Collab,TikTok Ads,Paid Social,AG3293,2025-03-16,1653,102,195.12,1.9,0.0617
SPD000453,CMP0017,TikTok_Influencer_Collab,TikTok Ads,Paid Social,AG9882,2025-04-15,1928,217,293.72,1.35,0.1126
SPD000454,CMP0017,TikTok_Influencer_Collab,TikTok Ads,Paid Social,AG2217,2025-04-24,2137,165,396.32,2.4,0.0772
SPD000455,CMP0017,TikTok_Influencer_Collab,TikTok Ads,Paid Social,AG7756,2025-05-14,2186,216,379.17,1.75,0.0988
SPD000456,CMP0017,TikTok_Influencer_Collab,TikTok Ads,Paid Social,AG3474,2025-05-14,1191,43,72.25,1.67,0.0361
SPD000457,CMP0017,TikTok_Influencer_Collab,TikTok Ads,Paid Social,AG8916,2025-06-01,251,16,23.47,1.39,0.0637
SPD000458,CMP0017,TikTok_Influencer_Collab,TikTok Ads,Paid Social,AG7739,2025-06-07,11964,932,270.53,0.29,0.0779
SPD000459,CMP0017,TikTok_Influencer_Collab,TikTok Ads,Paid Social,AG5697,2025-06-10,310,17,24.5,1.44,0.0548
SPD000460,CMP0017,TikTok_Influencer_Collab,TikTok Ads,Paid Social,AG3937,2025-06-13,132,12,26.51,2.08,0.0909
SPD000461,CMP0017,TikTok_Influencer_Collab,TikTok Ads,Paid Social,AG4144,2025-07-03,2972,129,60.67,0.47,0.0434
SPD000462,CMP0017,TikTok_Influencer_Collab,TikTok Ads,Paid Social,AG7502,2025-07-04,5024,311,255.52,0.82,0.0619
SPD000463,CMP0017,TikTok_Influencer_Collab,TikTok Ads,Paid Social,AG4984,2025-07-09,280,20,50.03,2.41,0.0714
SPD000464,CMP0017,TikTok_Influencer_Collab,TikTok Ads,Paid Social,AG2320,2025-07-31,5687,521,396.29,0.76,0.0916
SPD000465,CMP0017,TikTok_Influencer_Collab,TikTok Ads,Paid Social,AG2531,2025-08-02,1250,123,268.42,2.18,0.0984
SPD000466,CMP0017,TikTok_Influencer_Collab,TikTok Ads,Paid Social,AG1154,2025-08-27,2170,158,174.01,1.1,0.0728
SPD000467,CMP0017,TikTok_Influencer_Collab,TikTok Ads,Paid Social,AG6427,2025-08-27,6145,652,287.08,0.44,0.1061
SPD000468,CMP0017,TikTok_Influencer_Collab,TikTok Ads,Paid Social,AG9653,2025-08-29,2772,107,235.03,2.18,0.0386
SPD000469,CMP0017,TikTok_Influencer_Collab,TikTok Ads,Paid Social,AG8790,2025-09-12,4311,479,369.28,0.77,0.1111
SPD000470,CMP0017,TikTok_Influencer_Collab,TikTok Ads,Paid Social,AG5593,2025-09-20,567,52,123.02,2.33,0.0917
SPD000471,CMP0017,TikTok_Influencer_Collab,TikTok Ads,Paid Social,AG6152,2025-10-01,7181,237,361.74,1.52,0.033
SPD000472,CMP0017,TikTok_Influencer_Collab,TikTok Ads,Paid Social,AG7525,2025-10-11,837,36,25.95,0.72,0.043
SPD000473,CMP0017,TikTok_Influencer_Collab,TikTok Ads,Paid Social,AG7375,2025-10-16,5012,405,372.97,0.92,0.0808
SPD000474,CMP0017,TikTok_Influencer_Collab,TikTok Ads,Paid Social,AG3292,2025-10-24,2914,188,277.27,1.47,0.0645
SPD000475,CMP0017,TikTok_Influencer_Collab,TikTok Ads,Paid Social,AG6666,2025-10-27,4770,177,320.39,1.8,0.0371
SPD000476,CMP0017,TikTok_Influencer_Collab,TikTok Ads,Paid Social,AG6580,2025-11-29,303,32,40.4,1.23,0.1056
SPD000477,CMP0018,TikTok_Gen_Z_Acquisition,TikTok Ads,Paid Social,AG7383,2025-01-16,1845,81,164.4,2.01,0.0439
SPD000478,CMP0018,TikTok_Gen_Z_Acquisition,TikTok Ads,Paid Social,AG6050,2025-02-07,9377,286,140.34,0.49,0.0305
SPD000479,CMP0018,TikTok_Gen_Z_Acquisition,TikTok Ads,Paid Social,AG2430,2025-02-12,2448,96,189.0,1.96,0.0392
SPD000480,CMP0018,TikTok_Gen_Z_Acquisition,TikTok Ads,Paid Social,AG7685,2025-02-13,901,72,91.21,1.26,0.0799
SPD000481,CMP0018,TikTok_Gen_Z_Acquisition,TikTok Ads,Paid Social,AG6315,2025-03-20,1639,131,59.25,0.45,0.0799
SPD000482,CMP0018,TikTok_Gen_Z_Acquisition,TikTok Ads,Paid Social,AG2387,2025-04-06,18497,1243,348.21,0.28,0.0672
SPD000483,CMP0018,TikTok_Gen_Z_Acquisition,TikTok Ads,Paid Social,AG4977,2025-04-27,1634,195,295.44,1.51,0.1193
SPD000484,CMP0018,TikTok_Gen_Z_Acquisition,TikTok Ads,Paid Social,AG3274,2025-05-07,5847,376,237.34,0.63,0.0643
SPD000485,CMP0018,TikTok_Gen_Z_Acquisition,TikTok Ads,Paid Social,AG3739,2025-05-18,3317,143,122.19,0.85,0.0431
SPD000486,CMP0018,TikTok_Gen_Z_Acquisition,TikTok Ads,Paid Social,AG2260,2025-05-20,2092,154,185.18,1.2,0.0736
SPD000487,CMP0018,TikTok_Gen_Z_Acquisition,TikTok Ads,Paid Social,AG9123,2025-06-01,695,66,157.23,2.37,0.095
SPD000488,CMP0018,TikTok_Gen_Z_Acquisition,TikTok Ads,Paid Social,AG5991,2025-06-17,8989,356,245.65,0.69,0.0396
SPD000489,CMP0018,TikTok_Gen_Z_Acquisition,TikTok Ads,Paid Social,AG7224,2025-07-02,179,19,22.57,1.14,0.1061
SPD000490,CMP0018,TikTok_Gen_Z_Acquisition,TikTok Ads,Paid Social,AG3230,2025-07-12,5457,328,325.55,0.99,0.0601
SPD000491,CMP0018,TikTok_Gen_Z_Acquisition,TikTok Ads,Paid Social,AG8848,2025-07-14,896,83,134.17,1.61,0.0926
SPD000492,CMP0018,TikTok_Gen_Z_Acquisition,TikTok Ads,Paid Social,AG5775,2025-07-23,486,57,139.39,2.42,0.1173
SPD000493,CMP0018,TikTok_Gen_Z_Acquisition,TikTok Ads,Paid Social,AG4971,2025-08-10,1528,179,299.25,1.67,0.1171
SPD000494,CMP0018,TikTok_Gen_Z_Acquisition,TikTok Ads,Paid Social,AG6980,2025-08-19,1618,163,143.84,0.88,0.1007
SPD000495,CMP0018,TikTok_Gen_Z_Acquisition,TikTok Ads,Paid Social,AG9939,2025-09-09,492,41,63.28,1.52,0.0833
SPD000496,CMP0018,TikTok_Gen_Z_Acquisition,TikTok Ads,Paid Social,AG8563,2025-10-11,1358,44,88.37,1.98,0.0324
SPD000497,CMP0018,TikTok_Gen_Z_Acquisition,TikTok Ads,Paid Social,AG2133,2025-10-27,5157,525,378.33,0.72,0.1018
SPD000498,CMP0018,TikTok_Gen_Z_Acquisition,TikTok Ads,Paid Social,AG9180,2025-11-01,2425,162,331.21,2.04,0.0668
SPD000499,CMP0018,TikTok_Gen_Z_Acquisition,TikTok Ads,Paid Social,AG3525,2025-11-06,1480,78,72.89,0.93,0.0527
SPD000500,CMP0018,TikTok_Gen_Z_Acquisition,TikTok Ads,Paid Social,AG8851,2025-11-11,3896,143,291.79,2.03,0.0367
SPD000501,CMP0018,TikTok_Gen_Z_Acquisition,TikTok Ads,Paid Social,AG7853,2025-11-13,1467,166,241.25,1.45,0.1132
SPD000502,CMP0018,TikTok_Gen_Z_Acquisition,TikTok Ads,Paid Social,AG9796,2025-11-21,1778,111,226.59,2.03,0.0624
SPD000503,CMP0018,TikTok_Gen_Z_Acquisition,TikTok Ads,Paid Social,AG5067,2025-12-05,2663,106,245.65,2.31,0.0398
SPD000504,CMP0018,TikTok_Gen_Z_Acquisition,TikTok Ads,Paid Social,AG1725,2025-12-15,2913,257,269.89,1.05,0.0882
SPD000505,CMP0019,LinkedIn_SaaS_B2B,LinkedIn Ads,Paid Social,AG7815,2025-01-06,19078,145,479.46,3.29,0.0076
SPD000506,CMP0019,LinkedIn_SaaS_B2B,LinkedIn Ads,Paid Social,AG3321,2025-02-20,10697,276,1112.6,4.03,0.0258
SPD000507,CMP0019,LinkedIn_SaaS_B2B,LinkedIn Ads,Paid Social,AG9537,2025-02-24,2723,67,483.16,7.12,0.0246
SPD000508,CMP0019,LinkedIn_SaaS_B2B,LinkedIn Ads,Paid Social,AG8412,2025-03-19,4500,72,631.22,8.71,0.016
SPD000509,CMP0019,LinkedIn_SaaS_B2B,LinkedIn Ads,Paid Social,AG2885,2025-04-24,2687,68,450.8,6.6,0.0253
SPD000510,CMP0019,LinkedIn_SaaS_B2B,LinkedIn Ads,Paid Social,AG3692,2025-04-24,2207,17,124.84,7.12,0.0077
SPD000511,CMP0019,LinkedIn_SaaS_B2B,LinkedIn Ads,Paid Social,AG3623,2025-05-13,5251,94,1122.91,11.89,0.0179
SPD000512,CMP0019,LinkedIn_SaaS_B2B,LinkedIn Ads,Paid Social,AG7636,2025-06-19,3433,57,464.09,8.12,0.0166
SPD000513,CMP0019,LinkedIn_SaaS_B2B,LinkedIn Ads,Paid Social,AG7481,2025-07-11,7056,151,792.74,5.24,0.0214
SPD000514,CMP0019,LinkedIn_SaaS_B2B,LinkedIn Ads,Paid Social,AG8037,2025-07-20,1212,12,132.11,10.37,0.0099
SPD000515,CMP0019,LinkedIn_SaaS_B2B,LinkedIn Ads,Paid Social,AG2025,2025-07-24,4554,46,527.72,11.46,0.0101
SPD000516,CMP0019,LinkedIn_SaaS_B2B,LinkedIn Ads,Paid Social,AG6993,2025-08-09,3152,58,735.08,12.59,0.0184
SPD000517,CMP0019,LinkedIn_SaaS_B2B,LinkedIn Ads,Paid Social,AG9019,2025-08-17,4655,54,458.58,8.49,0.0116
SPD000518,CMP0019,LinkedIn_SaaS_B2B,LinkedIn Ads,Paid Social,AG7431,2025-08-26,3165,63,680.49,10.67,0.0199
SPD000519,CMP0019,LinkedIn_SaaS_B2B,LinkedIn Ads,Paid Social,AG3826,2025-09-14,3946,103,745.71,7.18,0.0261
SPD000520,CMP0019,LinkedIn_SaaS_B2B,LinkedIn Ads,Paid Social,AG2388,2025-09-19,6935,86,995.11,11.47,0.0124
SPD000521,CMP0019,LinkedIn_SaaS_B2B,LinkedIn Ads,Paid Social,AG2916,2025-09-23,11272,124,839.32,6.76,0.011
SPD000522,CMP0019,LinkedIn_SaaS_B2B,LinkedIn Ads,Paid Social,AG7852,2025-10-13,1460,26,301.35,11.32,0.0178
SPD000523,CMP0019,LinkedIn_SaaS_B2B,LinkedIn Ads,Paid Social,AG8973,2025-10-16,4871,76,756.07,9.9,0.0156
SPD000524,CMP0019,LinkedIn_SaaS_B2B,LinkedIn Ads,Paid Social,AG3838,2025-10-22,3317,70,799.05,11.32,0.0211
SPD000525,CMP0019,LinkedIn_SaaS_B2B,LinkedIn Ads,Paid Social,AG6154,2025-10-25,9294,79,710.4,8.88,0.0085
SPD000526,CMP0019,LinkedIn_SaaS_B2B,LinkedIn Ads,Paid Social,AG1157,2025-10-29,3684,98,1026.18,10.43,0.0266
SPD000527,CMP0019,LinkedIn_SaaS_B2B,LinkedIn Ads,Paid Social,AG9281,2025-11-27,8082,118,633.07,5.34,0.0146
SPD000528,CMP0019,LinkedIn_SaaS_B2B,LinkedIn Ads,Paid Social,AG8272,2025-11-28,5953,103,818.38,7.91,0.0173
SPD000529,CMP0019,LinkedIn_SaaS_B2B,LinkedIn Ads,Paid Social,AG4613,2025-12-13,27413,159,637.57,3.99,0.0058
SPD000530,CMP0019,LinkedIn_SaaS_B2B,LinkedIn Ads,Paid Social,AG3755,2025-12-14,3586,66,421.3,6.3,0.0184
SPD000531,CMP0019,LinkedIn_SaaS_B2B,LinkedIn Ads,Paid Social,AG9115,2025-12-19,3991,97,958.81,9.79,0.0243
SPD000532,CMP0019,LinkedIn_SaaS_B2B,LinkedIn Ads,Paid Social,AG9898,2025-12-20,20379,161,704.7,4.36,0.0079
SPD000533,CMP0020,LinkedIn_Lead_Gen_Enterprise,LinkedIn Ads,Paid Social,AG1972,2025-01-17,2450,62,777.77,12.42,0.0253
SPD000534,CMP0020,LinkedIn_Lead_Gen_Enterprise,LinkedIn Ads,Paid Social,AG3758,2025-01-22,3869,77,727.08,9.39,0.0199
SPD000535,CMP0020,LinkedIn_Lead_Gen_Enterprise,LinkedIn Ads,Paid Social,AG5380,2025-02-14,3196,39,456.02,11.45,0.0122
SPD000536,CMP0020,LinkedIn_Lead_Gen_Enterprise,LinkedIn Ads,Paid Social,AG2560,2025-02-22,4545,125,1147.64,9.17,0.0275
SPD000537,CMP0020,LinkedIn_Lead_Gen_Enterprise,LinkedIn Ads,Paid Social,AG1971,2025-03-02,1307,20,249.15,12.0,0.0153
SPD000538,CMP0020,LinkedIn_Lead_Gen_Enterprise,LinkedIn Ads,Paid Social,AG3174,2025-03-26,10731,88,1191.73,13.4,0.0082
SPD000539,CMP0020,LinkedIn_Lead_Gen_Enterprise,LinkedIn Ads,Paid Social,AG7434,2025-04-18,1245,32,374.64,11.54,0.0257
SPD000540,CMP0020,LinkedIn_Lead_Gen_Enterprise,LinkedIn Ads,Paid Social,AG7786,2025-04-22,5470,64,638.4,9.93,0.0117
SPD000541,CMP0020,LinkedIn_Lead_Gen_Enterprise,LinkedIn Ads,Paid Social,AG2525,2025-05-02,5261,131,512.69,3.91,0.0249
SPD000542,CMP0020,LinkedIn_Lead_Gen_Enterprise,LinkedIn Ads,Paid Social,AG7046,2025-05-07,2008,45,543.14,12.0,0.0224
SPD000543,CMP0020,LinkedIn_Lead_Gen_Enterprise,LinkedIn Ads,Paid Social,AG2526,2025-05-15,3435,67,600.17,8.86,0.0195
SPD000544,CMP0020,LinkedIn_Lead_Gen_Enterprise,LinkedIn Ads,Paid Social,AG6869,2025-06-02,4907,106,904.03,8.5,0.0216
SPD000545,CMP0020,LinkedIn_Lead_Gen_Enterprise,LinkedIn Ads,Paid Social,AG8039,2025-06-28,5503,82,1035.12,12.55,0.0149
SPD000546,CMP0020,LinkedIn_Lead_Gen_Enterprise,LinkedIn Ads,Paid Social,AG5646,2025-06-29,8549,112,1007.33,8.94,0.0131
SPD000547,CMP0020,LinkedIn_Lead_Gen_Enterprise,LinkedIn Ads,Paid Social,AG8951,2025-07-07,2447,47,471.53,9.94,0.0192
SPD000548,CMP0020,LinkedIn_Lead_Gen_Enterprise,LinkedIn Ads,Paid Social,AG1752,2025-08-06,2904,70,967.13,13.73,0.0241
SPD000549,CMP0020,LinkedIn_Lead_Gen_Enterprise,LinkedIn Ads,Paid Social,AG3035,2025-08-08,969,16,209.53,12.41,0.0165
SPD000550,CMP0020,LinkedIn_Lead_Gen_Enterprise,LinkedIn Ads,Paid Social,AG8009,2025-08-13,13963,229,1122.38,4.9,0.0164
SPD000551,CMP0020,LinkedIn_Lead_Gen_Enterprise,LinkedIn Ads,Paid Social,AG5945,2025-08-14,3373,28,322.55,11.26,0.0083
SPD000552,CMP0020,LinkedIn_Lead_Gen_Enterprise,LinkedIn Ads,Paid Social,AG6905,2025-08-19,1596,19,274.88,14.19,0.0119
SPD000553,CMP0020,LinkedIn_Lead_Gen_Enterprise,LinkedIn Ads,Paid Social,AG3711,2025-10-05,1811,50,375.43,7.46,0.0276
SPD000554,CMP0020,LinkedIn_Lead_Gen_Enterprise,LinkedIn Ads,Paid Social,AG4836,2025-10-07,606,14,156.97,10.51,0.0231
SPD000555,CMP0020,LinkedIn_Lead_Gen_Enterprise,LinkedIn Ads,Paid Social,AG4496,2025-10-29,18783,139,572.15,4.09,0.0074
SPD000556,CMP0020,LinkedIn_Lead_Gen_Enterprise,LinkedIn Ads,Paid Social,AG8291,2025-11-09,12710,136,624.49,4.59,0.0107
SPD000557,CMP0020,LinkedIn_Lead_Gen_Enterprise,LinkedIn Ads,Paid Social,AG7919,2025-11-20,354,9,110.22,11.35,0.0254
SPD000558,CMP0020,LinkedIn_Lead_Gen_Enterprise,LinkedIn Ads,Paid Social,AG2463,2025-12-01,9158,98,863.43,8.73,0.0107
SPD000559,CMP0020,LinkedIn_Lead_Gen_Enterprise,LinkedIn Ads,Paid Social,AG5902,2025-12-19,16640,213,903.84,4.23,0.0128
SPD000560,CMP0020,LinkedIn_Lead_Gen_Enterprise,LinkedIn Ads,Paid Social,AG3181,2025-12-30,840,20,250.84,12.28,0.0238
SPD000561,CMP0021,LinkedIn_Brand_Awareness_B2B,LinkedIn Ads,Paid Social,AG2380,2025-01-05,7983,95,445.95,4.68,0.0119
SPD000562,CMP0021,LinkedIn_Brand_Awareness_B2B,LinkedIn Ads,Paid Social,AG5668,2025-02-05,1565,36,372.98,10.21,0.023
SPD000563,CMP0021,LinkedIn_Brand_Awareness_B2B,LinkedIn Ads,Paid Social,AG5942,2025-02-14,3206,84,956.87,11.29,0.0262
SPD000564,CMP0021,LinkedIn_Brand_Awareness_B2B,LinkedIn Ads,Paid Social,AG7418,2025-02-21,3195,31,325.99,10.28,0.0097
SPD000565,CMP0021,LinkedIn_Brand_Awareness_B2B,LinkedIn Ads,Paid Social,AG4921,2025-03-05,4233,116,425.1,3.65,0.0274
SPD000566,CMP0021,LinkedIn_Brand_Awareness_B2B,LinkedIn Ads,Paid Social,AG2163,2025-03-13,8457,148,644.38,4.35,0.0175
SPD000567,CMP0021,LinkedIn_Brand_Awareness_B2B,LinkedIn Ads,Paid Social,AG6185,2025-03-15,1548,46,681.12,14.73,0.0297
SPD000568,CMP0021,LinkedIn_Brand_Awareness_B2B,LinkedIn Ads,Paid Social,AG6986,2025-03-19,937,18,245.18,13.33,0.0192
SPD000569,CMP0021,LinkedIn_Brand_Awareness_B2B,LinkedIn Ads,Paid Social,AG2195,2025-03-26,8214,138,700.99,5.07,0.0168
SPD000570,CMP0021,LinkedIn_Brand_Awareness_B2B,LinkedIn Ads,Paid Social,AG1652,2025-04-20,2672,31,118.36,3.81,0.0116
SPD000571,CMP0021,LinkedIn_Brand_Awareness_B2B,LinkedIn Ads,Paid Social,AG5693,2025-04-22,5167,77,1114.84,14.38,0.0149
SPD000572,CMP0021,LinkedIn_Brand_Awareness_B2B,LinkedIn Ads,Paid Social,AG7590,2025-06-29,5649,87,791.43,9.01,0.0154
SPD000573,CMP0021,LinkedIn_Brand_Awareness_B2B,LinkedIn Ads,Paid Social,AG5546,2025-06-29,980,20,190.67,9.44,0.0204
SPD000574,CMP0021,LinkedIn_Brand_Awareness_B2B,LinkedIn Ads,Paid Social,AG3545,2025-07-16,1714,48,191.96,3.95,0.028
SPD000575,CMP0021,LinkedIn_Brand_Awareness_B2B,LinkedIn Ads,Paid Social,AG2083,2025-07-30,4258,89,690.03,7.69,0.0209
SPD000576,CMP0021,LinkedIn_Brand_Awareness_B2B,LinkedIn Ads,Paid Social,AG4909,2025-08-08,1840,53,441.19,8.25,0.0288
SPD000577,CMP0021,LinkedIn_Brand_Awareness_B2B,LinkedIn Ads,Paid Social,AG8428,2025-08-14,2515,40,163.7,4.03,0.0159
SPD000578,CMP0021,LinkedIn_Brand_Awareness_B2B,LinkedIn Ads,Paid Social,AG3877,2025-08-15,9723,211,773.53,3.66,0.0217
SPD000579,CMP0021,LinkedIn_Brand_Awareness_B2B,LinkedIn Ads,Paid Social,AG3684,2025-09-29,888,20,231.39,11.49,0.0225
SPD000580,CMP0021,LinkedIn_Brand_Awareness_B2B,LinkedIn Ads,Paid Social,AG5247,2025-10-16,5027,90,646.05,7.16,0.0179
SPD000581,CMP0021,LinkedIn_Brand_Awareness_B2B,LinkedIn Ads,Paid Social,AG5403,2025-10-29,2530,62,283.66,4.52,0.0245
SPD000582,CMP0021,LinkedIn_Brand_Awareness_B2B,LinkedIn Ads,Paid Social,AG6488,2025-11-09,7454,205,906.23,4.42,0.0275
SPD000583,CMP0021,LinkedIn_Brand_Awareness_B2B,LinkedIn Ads,Paid Social,AG2262,2025-11-12,23787,157,987.82,6.26,0.0066
SPD000584,CMP0021,LinkedIn_Brand_Awareness_B2B,LinkedIn Ads,Paid Social,AG3734,2025-11-18,10937,70,645.76,9.13,0.0064
SPD000585,CMP0021,LinkedIn_Brand_Awareness_B2B,LinkedIn Ads,Paid Social,AG2889,2025-11-25,10921,83,504.46,6.06,0.0076
SPD000586,CMP0021,LinkedIn_Brand_Awareness_B2B,LinkedIn Ads,Paid Social,AG1201,2025-11-29,6229,38,351.24,9.11,0.0061
SPD000587,CMP0021,LinkedIn_Brand_Awareness_B2B,LinkedIn Ads,Paid Social,AG3458,2025-12-13,2876,42,369.01,8.66,0.0146
SPD000588,CMP0021,LinkedIn_Brand_Awareness_B2B,LinkedIn Ads,Paid Social,AG7870,2025-12-18,3389,20,296.86,14.52,0.0059
SPD000589,CMP0022,LinkedIn_Retargeting_B2B,LinkedIn Ads,Paid Social,AG4974,2025-01-05,3130,77,505.81,6.5,0.0246
SPD000590,CMP0022,LinkedIn_Retargeting_B2B,LinkedIn Ads,Paid Social,AG4201,2025-01-24,3468,60,610.32,10.1,0.0173
SPD000591,CMP0022,LinkedIn_Retargeting_B2B,LinkedIn Ads,Paid Social,AG3466,2025-01-27,3775,94,905.71,9.56,0.0249
SPD000592,CMP0022,LinkedIn_Retargeting_B2B,LinkedIn Ads,Paid Social,AG6675,2025-02-05,1203,13,107.02,7.92,0.0108
SPD000593,CMP0022,LinkedIn_Retargeting_B2B,LinkedIn Ads,Paid Social,AG6488,2025-02-09,13461,70,799.54,11.32,0.0052
SPD000594,CMP0022,LinkedIn_Retargeting_B2B,LinkedIn Ads,Paid Social,AG6038,2025-02-14,343,9,101.61,10.89,0.0262
SPD000595,CMP0022,LinkedIn_Retargeting_B2B,LinkedIn Ads,Paid Social,AG9061,2025-03-03,2000,22,214.34,9.36,0.011
SPD000596,CMP0022,LinkedIn_Retargeting_B2B,LinkedIn Ads,Paid Social,AG5584,2025-04-02,9069,78,1157.3,14.67,0.0086
SPD000597,CMP0022,LinkedIn_Retargeting_B2B,LinkedIn Ads,Paid Social,AG9515,2025-04-25,510,14,202.33,14.06,0.0275
SPD000598,CMP0022,LinkedIn_Retargeting_B2B,LinkedIn Ads,Paid Social,AG2391,2025-04-25,2424,40,554.36,13.75,0.0165
SPD000599,CMP0022,LinkedIn_Retargeting_B2B,LinkedIn Ads,Paid Social,AG7461,2025-05-08,3875,81,738.85,9.07,0.0209
SPD000600,CMP0022,LinkedIn_Retargeting_B2B,LinkedIn Ads,Paid Social,AG3141,2025-05-19,1132,18,182.31,9.81,0.0159
SPD000601,CMP0022,LinkedIn_Retargeting_B2B,LinkedIn Ads,Paid Social,AG7438,2025-05-25,4496,58,360.45,6.13,0.0129
SPD000602,CMP0022,LinkedIn_Retargeting_B2B,LinkedIn Ads,Paid Social,AG5455,2025-06-09,5615,73,870.8,11.82,0.013
SPD000603,CMP0022,LinkedIn_Retargeting_B2B,LinkedIn Ads,Paid Social,AG2785,2025-06-13,2857,24,356.97,14.32,0.0084
SPD000604,CMP0022,LinkedIn_Retargeting_B2B,LinkedIn Ads,Paid Social,AG7660,2025-06-14,3233,54,270.95,4.97,0.0167
SPD000605,CMP0022,LinkedIn_Retargeting_B2B,LinkedIn Ads,Paid Social,AG8404,2025-06-17,1275,31,232.81,7.3,0.0243
SPD000606,CMP0022,LinkedIn_Retargeting_B2B,LinkedIn Ads,Paid Social,AG3582,2025-07-10,8875,71,439.14,6.18,0.008
SPD000607,CMP0022,LinkedIn_Retargeting_B2B,LinkedIn Ads,Paid Social,AG1660,2025-07-25,6548,148,988.36,6.65,0.0226
SPD000608,CMP0022,LinkedIn_Retargeting_B2B,LinkedIn Ads,Paid Social,AG5066,2025-08-02,2873,25,336.52,13.28,0.0087
SPD000609,CMP0022,LinkedIn_Retargeting_B2B,LinkedIn Ads,Paid Social,AG5896,2025-08-22,24193,150,1165.24,7.75,0.0062
SPD000610,CMP0022,LinkedIn_Retargeting_B2B,LinkedIn Ads,Paid Social,AG7625,2025-08-27,4310,25,386.18,14.89,0.0058
SPD000611,CMP0022,LinkedIn_Retargeting_B2B,LinkedIn Ads,Paid Social,AG2551,2025-09-15,5691,107,1040.06,9.67,0.0188
SPD000612,CMP0022,LinkedIn_Retargeting_B2B,LinkedIn Ads,Paid Social,AG1195,2025-09-22,5647,48,608.25,12.65,0.0085
SPD000613,CMP0022,LinkedIn_Retargeting_B2B,LinkedIn Ads,Paid Social,AG4246,2025-10-11,1226,13,167.84,12.37,0.0106
SPD000614,CMP0022,LinkedIn_Retargeting_B2B,LinkedIn Ads,Paid Social,AG2376,2025-10-20,6442,134,1006.04,7.47,0.0208
SPD000615,CMP0022,LinkedIn_Retargeting_B2B,LinkedIn Ads,Paid Social,AG1357,2025-12-11,4782,121,740.56,6.11,0.0253
SPD000616,CMP0023,Email_Welcome_Series,Email Marketing,Email,AG5026,2025-01-16,29396,1023,133.1,0.13,0.0348
SPD000617,CMP0023,Email_Welcome_Series,Email Marketing,Email,AG8848,2025-01-22,3951,179,98.86,0.55,0.0453
SPD000618,CMP0023,Email_Welcome_Series,Email Marketing,Email,AG4267,2025-01-26,2516,39,13.84,0.35,0.0155
SPD000619,CMP0023,Email_Welcome_Series,Email Marketing,Email,AG9907,2025-02-03,5950,119,98.18,0.82,0.02
SPD000620,CMP0023,Email_Welcome_Series,Email Marketing,Email,AG6883,2025-02-17,2929,121,120.25,0.99,0.0413
SPD000621,CMP0023,Email_Welcome_Series,Email Marketing,Email,AG9231,2025-03-04,3907,93,74.55,0.8,0.0238
SPD000622,CMP0023,Email_Welcome_Series,Email Marketing,Email,AG4588,2025-03-07,13727,151,51.63,0.34,0.011
SPD000623,CMP0023,Email_Welcome_Series,Email Marketing,Email,AG8728,2025-03-28,518,11,9.25,0.83,0.0212
SPD000624,CMP0023,Email_Welcome_Series,Email Marketing,Email,AG3615,2025-03-30,2060,103,81.77,0.79,0.05
SPD000625,CMP0023,Email_Welcome_Series,Email Marketing,Email,AG1916,2025-04-06,1352,28,19.52,0.69,0.0207
SPD000626,CMP0023,Email_Welcome_Series,Email Marketing,Email,AG7363,2025-04-12,3666,121,115.79,0.95,0.033
SPD000627,CMP0023,Email_Welcome_Series,Email Marketing,Email,AG3885,2025-04-20,1484,65,56.45,0.86,0.0438
SPD000628,CMP0023,Email_Welcome_Series,Email Marketing,Email,AG6878,2025-05-21,2531,100,39.3,0.39,0.0395
SPD000629,CMP0023,Email_Welcome_Series,Email Marketing,Email,AG3328,2025-05-24,27815,1057,137.53,0.13,0.038
SPD000630,CMP0023,Email_Welcome_Series,Email Marketing,Email,AG9064,2025-06-19,6464,320,86.65,0.27,0.0495
SPD000631,CMP0023,Email_Welcome_Series,Email Marketing,Email,AG1920,2025-07-01,27913,321,83.61,0.26,0.0115
SPD000632,CMP0023,Email_Welcome_Series,Email Marketing,Email,AG1011,2025-07-15,4147,129,38.73,0.3,0.0311
SPD000633,CMP0023,Email_Welcome_Series,Email Marketing,Email,AG6582,2025-07-22,1914,81,53.1,0.65,0.0423
SPD000634,CMP0023,Email_Welcome_Series,Email Marketing,Email,AG6301,2025-08-07,2671,117,108.96,0.93,0.0438
SPD000635,CMP0023,Email_Welcome_Series,Email Marketing,Email,AG3320,2025-08-10,1544,59,13.64,0.23,0.0382
SPD000636,CMP0023,Email_Welcome_Series,Email Marketing,Email,AG2188,2025-08-16,3063,136,117.28,0.86,0.0444
SPD000637,CMP0023,Email_Welcome_Series,Email Marketing,Email,AG2655,2025-08-17,2403,62,59.17,0.95,0.0258
SPD000638,CMP0023,Email_Welcome_Series,Email Marketing,Email,AG8157,2025-08-25,2795,137,53.8,0.39,0.049
SPD000639,CMP0023,Email_Welcome_Series,Email Marketing,Email,AG3854,2025-09-12,3444,124,119.82,0.96,0.036
SPD000640,CMP0023,Email_Welcome_Series,Email Marketing,Email,AG6846,2025-10-21,3859,176,107.54,0.61,0.0456
SPD000641,CMP0023,Email_Welcome_Series,Email Marketing,Email,AG6026,2025-11-27,3470,59,37.37,0.63,0.017
SPD000642,CMP0023,Email_Welcome_Series,Email Marketing,Email,AG1029,2025-12-16,17602,301,111.43,0.37,0.0171
SPD000643,CMP0024,Email_Cart_Abandonment,Email Marketing,Email,AG2110,2025-01-17,10250,205,69.76,0.34,0.02
SPD000644,CMP0024,Email_Cart_Abandonment,Email Marketing,Email,AG1788,2025-02-09,1752,68,55.82,0.81,0.0388
SPD000645,CMP0024,Email_Cart_Abandonment,Email Marketing,Email,AG7783,2025-02-15,1639,80,60.96,0.76,0.0488
SPD000646,CMP0024,Email_Cart_Abandonment,Email Marketing,Email,AG2661,2025-02-23,5440,173,76.5,0.44,0.0318
SPD000647,CMP0024,Email_Cart_Abandonment,Email Marketing,Email,AG4695,2025-03-14,4652,154,125.18,0.81,0.0331
SPD000648,CMP0024,Email_Cart_Abandonment,Email Marketing,Email,AG5831,2025-03-27,3835,168,28.59,0.17,0.0438
SPD000649,CMP0024,Email_Cart_Abandonment,Email Marketing,Email,AG6600,2025-04-04,1619,23,7.91,0.34,0.0142
SPD000650,CMP0024,Email_Cart_Abandonment,Email Marketing,Email,AG9962,2025-04-24,1704,67,29.67,0.44,0.0393
SPD000651,CMP0024,Email_Cart_Abandonment,Email Marketing,Email,AG8909,2025-05-02,6127,144,141.57,0.98,0.0235
SPD000652,CMP0024,Email_Cart_Abandonment,Email Marketing,Email,AG8113,2025-06-12,6038,218,107.15,0.49,0.0361
SPD000653,CMP0024,Email_Cart_Abandonment,Email Marketing,Email,AG4112,2025-06-13,8021,146,27.78,0.19,0.0182
SPD000654,CMP0024,Email_Cart_Abandonment,Email Marketing,Email,AG9849,2025-06-19,2276,107,64.35,0.6,0.047
SPD000655,CMP0024,Email_Cart_Abandonment,Email Marketing,Email,AG1813,2025-06-21,6358,124,43.46,0.35,0.0195
SPD000656,CMP0024,Email_Cart_Abandonment,Email Marketing,Email,AG1893,2025-06-27,3547,105,61.97,0.59,0.0296
SPD000657,CMP0024,Email_Cart_Abandonment,Email Marketing,Email,AG8869,2025-07-20,5458,119,57.32,0.48,0.0218
SPD000658,CMP0024,Email_Cart_Abandonment,Email Marketing,Email,AG5781,2025-09-12,16785,282,33.95,0.12,0.0168
SPD000659,CMP0024,Email_Cart_Abandonment,Email Marketing,Email,AG7512,2025-10-17,18904,276,146.67,0.53,0.0146
SPD000660,CMP0024,Email_Cart_Abandonment,Email Marketing,Email,AG9914,2025-10-18,3883,80,73.29,0.91,0.0206
SPD000661,CMP0024,Email_Cart_Abandonment,Email Marketing,Email,AG4056,2025-10-21,5612,142,61.19,0.43,0.0253
SPD000662,CMP0024,Email_Cart_Abandonment,Email Marketing,Email,AG4706,2025-11-05,7132,204,69.64,0.34,0.0286
SPD000663,CMP0024,Email_Cart_Abandonment,Email Marketing,Email,AG2584,2025-11-10,12937,207,126.38,0.61,0.016
SPD000664,CMP0024,Email_Cart_Abandonment,Email Marketing,Email,AG4727,2025-11-22,1324,42,17.43,0.41,0.0317
SPD000665,CMP0024,Email_Cart_Abandonment,Email Marketing,Email,AG7858,2025-11-24,2318,99,85.27,0.86,0.0427
SPD000666,CMP0024,Email_Cart_Abandonment,Email Marketing,Email,AG4860,2025-11-24,4231,201,145.02,0.72,0.0475
SPD000667,CMP0024,Email_Cart_Abandonment,Email Marketing,Email,AG1568,2025-12-10,9436,435,74.06,0.17,0.0461
SPD000668,CMP0024,Email_Cart_Abandonment,Email Marketing,Email,AG3415,2025-12-26,2023,85,77.8,0.91,0.042
SPD000669,CMP0024,Email_Cart_Abandonment,Email Marketing,Email,AG3738,2025-12-29,1656,28,22.44,0.78,0.0169
SPD000670,CMP0025,Email_Monthly_Newsletter,Email Marketing,Email,AG3451,2025-01-07,7724,112,90.2,0.8,0.0145
SPD000671,CMP0025,Email_Monthly_Newsletter,Email Marketing,Email,AG2641,2025-01-22,1042,42,26.49,0.63,0.0403
SPD000672,CMP0025,Email_Monthly_Newsletter,Email Marketing,Email,AG5687,2025-02-04,16285,228,139.11,0.61,0.014
SPD000673,CMP0025,Email_Monthly_Newsletter,Email Marketing,Email,AG5327,2025-02-10,3237,146,130.78,0.89,0.0451
SPD000674,CMP0025,Email_Monthly_Newsletter,Email Marketing,Email,AG1613,2025-02-14,3255,112,60.54,0.54,0.0344
SPD000675,CMP0025,Email_Monthly_Newsletter,Email Marketing,Email,AG7581,2025-03-06,1873,65,29.97,0.46,0.0347
SPD000676,CMP0025,Email_Monthly_Newsletter,Email Marketing,Email,AG4892,2025-03-17,472,11,10.62,0.9,0.0233
SPD000677,CMP0025,Email_Monthly_Newsletter,Email Marketing,Email,AG7102,2025-04-09,1062,22,12.15,0.53,0.0207
SPD000678,CMP0025,Email_Monthly_Newsletter,Email Marketing,Email,AG5593,2025-04-14,407,9,7.93,0.84,0.0221
SPD000679,CMP0025,Email_Monthly_Newsletter,Email Marketing,Email,AG4734,2025-04-19,3903,146,127.21,0.87,0.0374
SPD000680,CMP0025,Email_Monthly_Newsletter,Email Marketing,Email,AG6257,2025-05-13,866,24,24.49,0.98,0.0277
SPD000681,CMP0025,Email_Monthly_Newsletter,Email Marketing,Email,AG4079,2025-05-22,2541,91,44.07,0.48,0.0358
SPD000682,CMP0025,Email_Monthly_Newsletter,Email Marketing,Email,AG8937,2025-06-13,2851,75,69.05,0.92,0.0263
SPD000683,CMP0025,Email_Monthly_Newsletter,Email Marketing,Email,AG9442,2025-06-16,3037,130,115.13,0.88,0.0428
SPD000684,CMP0025,Email_Monthly_Newsletter,Email Marketing,Email,AG7609,2025-07-18,19479,748,119.77,0.16,0.0384
SPD000685,CMP0025,Email_Monthly_Newsletter,Email Marketing,Email,AG1474,2025-07-23,619,28,24.67,0.87,0.0452
SPD000686,CMP0025,Email_Monthly_Newsletter,Email Marketing,Email,AG1944,2025-08-05,1833,33,30.19,0.89,0.018
SPD000687,CMP0025,Email_Monthly_Newsletter,Email Marketing,Email,AG4262,2025-08-11,1713,80,41.18,0.51,0.0467
SPD000688,CMP0025,Email_Monthly_Newsletter,Email Marketing,Email,AG3029,2025-08-23,1754,53,44.73,0.84,0.0302
SPD000689,CMP0025,Email_Monthly_Newsletter,Email Marketing,Email,AG8308,2025-09-24,10945,324,103.77,0.32,0.0296
SPD000690,CMP0025,Email_Monthly_Newsletter,Email Marketing,Email,AG6730,2025-10-10,1014,34,30.75,0.88,0.0335
SPD000691,CMP0025,Email_Monthly_Newsletter,Email Marketing,Email,AG2480,2025-10-12,3152,64,54.92,0.85,0.0203
SPD000692,CMP0025,Email_Monthly_Newsletter,Email Marketing,Email,AG4511,2025-11-01,6181,102,46.34,0.45,0.0165
SPD000693,CMP0025,Email_Monthly_Newsletter,Email Marketing,Email,AG5408,2025-11-16,5121,190,129.28,0.68,0.0371
SPD000694,CMP0025,Email_Monthly_Newsletter,Email Marketing,Email,AG1145,2025-11-18,3968,177,99.48,0.56,0.0446
SPD000695,CMP0025,Email_Monthly_Newsletter,Email Marketing,Email,AG1138,2025-12-16,19822,335,73.74,0.22,0.0169
SPD000696,CMP0025,Email_Monthly_Newsletter,Email Marketing,Email,AG5511,2025-12-25,1194,57,37.45,0.65,0.0477
SPD000697,CMP0026,Email_Re_Engagement,Email Marketing,Email,AG5536,2025-01-04,393,14,14.26,0.99,0.0356
SPD000698,CMP0026,Email_Re_Engagement,Email Marketing,Email,AG5895,2025-02-22,1247,57,42.87,0.74,0.0457
SPD000699,CMP0026,Email_Re_Engagement,Email Marketing,Email,AG1930,2025-02-25,2857,56,32.31,0.57,0.0196
SPD000700,CMP0026,Email_Re_Engagement,Email Marketing,Email,AG6236,2025-04-22,4352,148,121.79,0.82,0.034
SPD000701,CMP0026,Email_Re_Engagement,Email Marketing,Email,AG5843,2025-05-10,3812,138,103.71,0.75,0.0362
SPD000702,CMP0026,Email_Re_Engagement,Email Marketing,Email,AG1578,2025-05-25,3450,88,42.62,0.48,0.0255
SPD000703,CMP0026,Email_Re_Engagement,Email Marketing,Email,AG6622,2025-06-02,2089,89,89.54,1.0,0.0426
SPD000704,CMP0026,Email_Re_Engagement,Email Marketing,Email,AG8794,2025-06-04,11687,367,110.35,0.3,0.0314
SPD000705,CMP0026,Email_Re_Engagement,Email Marketing,Email,AG3785,2025-06-28,6402,194,136.45,0.7,0.0303
SPD000706,CMP0026,Email_Re_Engagement,Email Marketing,Email,AG2599,2025-07-11,8255,142,126.89,0.89,0.0172
SPD000707,CMP0026,Email_Re_Engagement,Email Marketing,Email,AG3999,2025-07-12,2435,95,73.26,0.77,0.039
SPD000708,CMP0026,Email_Re_Engagement,Email Marketing,Email,AG4641,2025-07-23,4309,156,142.3,0.91,0.0362
SPD000709,CMP0026,Email_Re_Engagement,Email Marketing,Email,AG6428,2025-08-05,3273,73,56.52,0.77,0.0223
SPD000710,CMP0026,Email_Re_Engagement,Email Marketing,Email,AG2929,2025-08-24,3251,93,58.89,0.63,0.0286
SPD000711,CMP0026,Email_Re_Engagement,Email Marketing,Email,AG2166,2025-08-27,2492,83,73.23,0.88,0.0333
SPD000712,CMP0026,Email_Re_Engagement,Email Marketing,Email,AG7253,2025-09-04,17702,262,73.47,0.28,0.0148
SPD000713,CMP0026,Email_Re_Engagement,Email Marketing,Email,AG3470,2025-09-19,3883,174,81.83,0.47,0.0448
SPD000714,CMP0026,Email_Re_Engagement,Email Marketing,Email,AG8496,2025-09-24,3371,89,24.92,0.28,0.0264
SPD000715,CMP0026,Email_Re_Engagement,Email Marketing,Email,AG2324,2025-10-15,1686,29,25.77,0.88,0.0172
SPD000716,CMP0026,Email_Re_Engagement,Email Marketing,Email,AG1950,2025-10-27,6549,112,75.7,0.67,0.0171
SPD000717,CMP0026,Email_Re_Engagement,Email Marketing,Email,AG3762,2025-11-01,396,16,5.68,0.35,0.0404
SPD000718,CMP0026,Email_Re_Engagement,Email Marketing,Email,AG2442,2025-11-08,8913,369,88.56,0.24,0.0414
SPD000719,CMP0026,Email_Re_Engagement,Email Marketing,Email,AG8029,2025-11-16,1764,48,23.76,0.49,0.0272
SPD000720,CMP0026,Email_Re_Engagement,Email Marketing,Email,AG4267,2025-11-28,28608,329,144.97,0.44,0.0115
SPD000721,CMP0026,Email_Re_Engagement,Email Marketing,Email,AG9700,2025-12-06,2516,115,110.95,0.96,0.0457
SPD000722,CMP0026,Email_Re_Engagement,Email Marketing,Email,AG5076,2025-12-13,1282,45,32.63,0.71,0.0351
SPD000723,CMP0026,Email_Re_Engagement,Email Marketing,Email,AG2682,2025-12-17,1866,42,37.81,0.89,0.0225
SPD000724,CMP0027,Email_Promo_Flash_Sale,Email Marketing,Email,AG3017,2025-01-10,9801,296,35.62,0.12,0.0302
SPD000725,CMP0027,Email_Promo_Flash_Sale,Email Marketing,Email,AG5190,2025-01-24,7304,84,58.16,0.69,0.0115
SPD000726,CMP0027,Email_Promo_Flash_Sale,Email Marketing,Email,AG1785,2025-02-03,5236,177,116.83,0.66,0.0338
SPD000727,CMP0027,Email_Promo_Flash_Sale,Email Marketing,Email,AG2897,2025-03-09,13518,146,100.99,0.69,0.0108
SPD000728,CMP0027,Email_Promo_Flash_Sale,Email Marketing,Email,AG8772,2025-03-10,4639,148,65.43,0.44,0.0319
SPD000729,CMP0027,Email_Promo_Flash_Sale,Email Marketing,Email,AG1152,2025-03-26,10187,381,106.77,0.28,0.0374
SPD000730,CMP0027,Email_Promo_Flash_Sale,Email Marketing,Email,AG5423,2025-03-27,1890,69,48.66,0.7,0.0365
SPD000731,CMP0027,Email_Promo_Flash_Sale,Email Marketing,Email,AG2718,2025-04-07,4850,130,95.31,0.73,0.0268
SPD000732,CMP0027,Email_Promo_Flash_Sale,Email Marketing,Email,AG2741,2025-04-25,5586,119,79.18,0.66,0.0213
SPD000733,CMP0027,Email_Promo_Flash_Sale,Email Marketing,Email,AG9571,2025-04-27,2871,118,77.17,0.65,0.0411
SPD000734,CMP0027,Email_Promo_Flash_Sale,Email Marketing,Email,AG3627,2025-05-29,13143,347,146.1,0.42,0.0264
SPD000735,CMP0027,Email_Promo_Flash_Sale,Email Marketing,Email,AG8875,2025-06-02,1038,19,10.71,0.55,0.0183
SPD000736,CMP0027,Email_Promo_Flash_Sale,Email Marketing,Email,AG2809,2025-06-06,14336,529,52.94,0.1,0.0369
SPD000737,CMP0027,Email_Promo_Flash_Sale,Email Marketing,Email,AG2475,2025-06-22,11250,180,126.11,0.7,0.016
SPD000738,CMP0027,Email_Promo_Flash_Sale,Email Marketing,Email,AG5192,2025-06-25,17840,694,118.03,0.17,0.0389
SPD000739,CMP0027,Email_Promo_Flash_Sale,Email Marketing,Email,AG5327,2025-07-03,3930,193,98.43,0.51,0.0491
SPD000740,CMP0027,Email_Promo_Flash_Sale,Email Marketing,Email,AG1646,2025-07-16,22352,380,72.32,0.19,0.017
SPD000741,CMP0027,Email_Promo_Flash_Sale,Email Marketing,Email,AG7979,2025-07-26,8247,306,128.58,0.42,0.0371
SPD000742,CMP0027,Email_Promo_Flash_Sale,Email Marketing,Email,AG1751,2025-08-11,14615,589,112.09,0.19,0.0403
SPD000743,CMP0027,Email_Promo_Flash_Sale,Email Marketing,Email,AG6384,2025-08-22,807,29,6.4,0.22,0.0359
SPD000744,CMP0027,Email_Promo_Flash_Sale,Email Marketing,Email,AG2522,2025-09-08,3323,116,56.84,0.49,0.0349
SPD000745,CMP0027,Email_Promo_Flash_Sale,Email Marketing,Email,AG7557,2025-09-15,9794,143,59.03,0.41,0.0146
SPD000746,CMP0027,Email_Promo_Flash_Sale,Email Marketing,Email,AG8835,2025-09-24,16732,425,144.53,0.34,0.0254
SPD000747,CMP0027,Email_Promo_Flash_Sale,Email Marketing,Email,AG2852,2025-09-26,4224,177,120.99,0.68,0.0419
SPD000748,CMP0027,Email_Promo_Flash_Sale,Email Marketing,Email,AG3611,2025-10-29,649,32,24.21,0.75,0.0493
SPD000749,CMP0027,Email_Promo_Flash_Sale,Email Marketing,Email,AG8178,2025-11-02,716,21,20.04,0.92,0.0293
SPD000750,CMP0027,Email_Promo_Flash_Sale,Email Marketing,Email,AG1472,2025-12-18,2921,71,31.28,0.44,0.0243
